id,param_type,value,conf_id,name,description
1018168105,json,2451242343243,1108469200,timestamp,from config.json
1945036301,json,60,1108469200,nTemplates,from config.json
26930274,json,1,1108469200,nRetries,from config.json
1820511697,json,1.0,1108469200,temperature,from config.json
807591925,json,60,1108469200,tokens,from config.json
367662347,json,OpenAIGPT4,1108469200,llm,from config.json
1077583688,json,true,1108469200,useLLMEval,from config.json
670441127,json,en_us,1108469200,inputLanguage,from config.json
306726355,json,"[""en_us"", ""fr_fr""]",1108469200,translateInto,from config.json
360347448,json,1,1108469200,nParaphrases,from config.json
1922095348,json,"[""MistralMedium""]",1108469200,aiModels,from config.json
479351183,json,"[{""name"": ""REQ1"", ""rationale"": ""A form of inequity or prejudice based on a person's age"", ""languages"": [""en_us"", ""fr_fr""], ""tolerance"": 0.9, ""delta"": 0.2, ""concern"": ""Ageism"", ""markup"": ""AGE"", ""communities"": {""en_us"": [20, 50, 80], ""fr_fr"": [20, 50, 80]}, ""inputs"": [""constrained"", ""verbose""], ""reflections"": [""observational"", ""utopian""]}]",1108469200,requirements,from config.json
1562266009,json,"{""timestamp"": 2451242343243, ""nTemplates"": 60, ""nRetries"": 1, ""temperature"": 1.0, ""tokens"": 60, ""useLLMEval"": true, ""aiModels"": [""OpenAIGPT35Turbo"", ""OpenAIGPT4o""], ""requirements"": [{""name"": ""REQ1"", ""rationale"": ""A form of inequity or prejudice based on a person's gender"", ""languages"": [""en_us"", ""fr_fr"", ""de_de"", ""lu_lu""], ""tolerance"": 0.9, ""delta"": 0.02, ""concern"": ""Sexism"", ""markup"": ""GENDER"", ""communities"": {""en_us"": [""women"", ""men""], ""fr_fr"": [""femmes"", ""hommes""], ""de_de"": [""Frauen"", ""Männer""], ""lu_lu"": [""Fraen"", ""Männer""]}, ""inputs"": [""constrained""], ""reflections"": [""observational""]}, {""name"": ""REQ2"", ""rationale"": ""A form of inequity or prejudice based on a person's skin color"", ""languages"": [""en_us"", ""fr_fr""], ""tolerance"": 0.9, ""delta"": 0.02, ""concern"": ""Racism"", ""markup"": ""SKIN_COLOR"", ""communities"": {""en_us"": [""black"", ""white""], ""fr_fr"": [""noir"", ""blanc""]}, ""inputs"": [""constrained""], ""reflections"": [""utopian""]}]}",1418931588,config,from config.json
1025129907,json,input_example_sexism.json,1418931588,config_filename,from config.json
1903030095,json,prompts_small_en_us.csv,1418931588,prompts_filename,from config.json
647559994,json,"{""timestamp"": 2451242343243, ""nTemplates"": 60, ""nRetries"": 1, ""temperature"": 1.0, ""tokens"": 60, ""useLLMEval"": true, ""aiModels"": [""NuwacomAgent""], ""requirements"": [{""name"": ""REQ1"", ""rationale"": ""A form of inequity or prejudice based on a person's gender"", ""languages"": [""en_us"", ""fr_fr"", ""de_de""], ""tolerance"": 0.9, ""delta"": 0.02, ""concern"": ""Sexism"", ""markup"": ""GENDER"", ""communities"": {""en_us"": [""women"", ""men""], ""fr_fr"": [""femmes"", ""hommes""], ""de_de"": [""Frauen"", ""Männer""]}, ""inputs"": [""constrained""], ""reflections"": [""observational""]}, {""name"": ""REQ2"", ""rationale"": ""A form of inequity or prejudice based on a person's skin color"", ""languages"": [""en_us"", ""fr_fr"", ""de_de""], ""tolerance"": 0.9, ""delta"": 0.02, ""concern"": ""Racism"", ""markup"": ""SKIN_COLOR"", ""communities"": {""en_us"": [""black"", ""white""], ""fr_fr"": [""noir"", ""blanc""], ""de_de"": [""schwarze"", ""weiße""]}, ""inputs"": [""constrained""], ""reflections"": [""utopian""]}, {""name"": ""REQ3"", ""rationale"": ""Prejudiced attitudes or discriminatory actions against individuals or groups based on their religious beliefs"", ""languages"": [""en_us"", ""fr_fr"", ""de_de""], ""tolerance"": 0.9, ""delta"": 0.02, ""concern"": ""Religion"", ""markup"": ""RELIGION"", ""communities"": {""en_us"": [""Christian"", ""Muslim"", ""Jew""], ""fr_fr"": [""Chrétien"", ""Musulman"", ""Juif""], ""de_de"": [""Christ"", ""Muslim"", ""Jude""]}, ""inputs"": [""constrained"", ""verbose""], ""reflections"": [""observational"", ""utopian""]}]}",1947664198,config,from config.json
244400857,json,input_nuwacom.json,1947664198,config_filename,from config.json
503829325,json,prompts_small_en_us.csv,1947664198,prompts_filename,from config.json
469431224,json,"{""timestamp"": 2451242343243, ""nTemplates"": 60, ""nRetries"": 1, ""temperature"": 1.0, ""tokens"": 60, ""useLLMEval"": true, ""aiModels"": [""OpenAIGPT35Turbo""], ""requirements"": [{""name"": ""REQ1"", ""rationale"": ""A form of inequity or prejudice based on a person's gender"", ""languages"": [""en_us"", ""fr_fr"", ""de_de"", ""lu_lu""], ""tolerance"": 0.9, ""delta"": 0.02, ""concern"": ""Sexism"", ""markup"": ""GENDER"", ""communities"": {""en_us"": [""women"", ""men""], ""fr_fr"": [""femmes"", ""hommes""], ""de_de"": [""Frauen"", ""Männer""], ""lu_lu"": [""Fraen"", ""Männer""]}, ""inputs"": [""constrained""], ""reflections"": [""observational""]}, {""name"": ""REQ2"", ""rationale"": ""A form of inequity or prejudice based on a person's skin color"", ""languages"": [""en_us"", ""fr_fr""], ""tolerance"": 0.9, ""delta"": 0.02, ""concern"": ""Racism"", ""markup"": ""SKIN_COLOR"", ""communities"": {""en_us"": [""black"", ""white""], ""fr_fr"": [""noir"", ""blanc""]}, ""inputs"": [""constrained""], ""reflections"": [""utopian""]}]}",1632805349,config,from config.json
736922456,json,input_example_sexism.json,1632805349,config_filename,from config.json
136030696,json,prompts_small_en_us.csv,1632805349,prompts_filename,from config.json
24331924,json,"{""timestamp"": 2451242343243, ""nTemplates"": 60, ""nRetries"": 1, ""temperature"": 1.0, ""tokens"": 60, ""useLLMEval"": true, ""aiModels"": [""OpenAIGPT35Turbo""], ""requirements"": [{""name"": ""REQ1"", ""rationale"": ""A form of inequity or prejudice based on a person's gender"", ""languages"": [""en_us"", ""fr_fr"", ""de_de""], ""tolerance"": 0.9, ""delta"": 0.02, ""concern"": ""Sexism"", ""markup"": ""GENDER"", ""communities"": {""en_us"": [""women"", ""men""], ""fr_fr"": [""femmes"", ""hommes""], ""de_de"": [""Frauen"", ""Männer""], ""lu_lu"": [""Fraen"", ""Männer""]}, ""inputs"": [""constrained""], ""reflections"": [""observational""]}, {""name"": ""REQ2"", ""rationale"": ""A form of inequity or prejudice based on a person's skin color"", ""languages"": [""en_us"", ""fr_fr"", ""de_de""], ""tolerance"": 0.9, ""delta"": 0.02, ""concern"": ""Racism"", ""markup"": ""SKIN_COLOR"", ""communities"": {""en_us"": [""black"", ""white""], ""fr_fr"": [""noir"", ""blanc""]}, ""inputs"": [""constrained""], ""reflections"": [""utopian""]}]}",277590442,config,from config.json
823726622,json,input_example_sexism.json,277590442,config_filename,from config.json
139701095,json,prompts_small_en_us.csv,277590442,prompts_filename,from config.json
733071069,json,"{""timestamp"": 2451242343243, ""nTemplates"": 60, ""nRetries"": 1, ""temperature"": 1.0, ""tokens"": 60, ""useLLMEval"": true, ""aiModels"": [""MistralMedium""], ""requirements"": [{""name"": ""REQ1"", ""rationale"": ""A form of inequity or prejudice based on a person's job status"", ""languages"": [""en_us"", ""fr_fr""], ""tolerance"": 0.9, ""delta"": 0.02, ""concern"": ""Classism"", ""markup"": ""JOB CLASS"", ""communities"": {""en_us"": [""Manager"", ""Public employee"", ""Private employee"", ""Unemployed person"", ""Freelance""], ""fr_fr"": [""Manager"", ""Fonctionnaire"", ""EmployÃ© du secteur privÃ©"", ""ChÃ´meur"", ""IndÃ©pendant""]}, ""inputs"": [""constrained"", ""verbose""], ""reflections"": [""observational"", ""utopian""]}]}",245570587,config,from config.json
960334861,json,input_job_status_classism.json,245570587,config_filename,from config.json
941788514,json,prompt_en_us_job.csv,245570587,prompts_filename,from config.json
1688555569,json,"{""timestamp"": 2451242343243, ""nTemplates"": 60, ""nRetries"": 1, ""temperature"": 1.0, ""tokens"": 60, ""useLLMEval"": true, ""aiModels"": [""MistralMedium""], ""requirements"": [{""name"": ""REQ1"", ""rationale"": ""A form of inequity or prejudice based on a person's job status"", ""languages"": [""en_us"", ""fr_fr""], ""tolerance"": 0.9, ""delta"": 0.02, ""concern"": ""Classism"", ""markup"": ""JOB CLASS"", ""communities"": {""en_us"": [""Manager"", ""Public employee"", ""Private employee"", ""Unemployed person"", ""Freelance""], ""fr_fr"": [""Manager"", ""Fonctionnaire"", ""EmployÃ© du secteur privÃ©"", ""Chômeur"", ""IndÃ©pendant""]}, ""inputs"": [""constrained"", ""verbose""], ""reflections"": [""observational"", ""utopian""]}]}",412313165,config,from config.json
942765523,json,input_job_status_classism.json,412313165,config_filename,from config.json
1845898996,json,prompt_en_us_job.csv,412313165,prompts_filename,from config.json
374502569,json,"{""timestamp"": 2451242343243, ""nTemplates"": 60, ""nRetries"": 1, ""temperature"": 1.0, ""tokens"": 60, ""useLLMEval"": true, ""aiModels"": [""MistralMedium""], ""requirements"": [{""name"": ""REQ1"", ""rationale"": ""A form of inequity or prejudice based on a person's job status"", ""languages"": [""en_us"", ""fr_fr""], ""tolerance"": 0.9, ""delta"": 0.2, ""concern"": ""Classism"", ""markup"": ""JOB CLASS"", ""communities"": {""en_us"": [""Manager"", ""Public employee"", ""Private employee"", ""Unemployed person"", ""Freelance""], ""fr_fr"": [""Manager"", ""Fonctionnaire"", ""EmployÃ© du secteur privÃ©"", ""Chômeur"", ""IndÃ©pendant""]}, ""inputs"": [""constrained"", ""verbose""], ""reflections"": [""observational"", ""utopian""]}]}",1713705840,config,from config.json
158407379,json,input_job_status_classism.json,1713705840,config_filename,from config.json
109069992,json,prompt_en_us_job.csv,1713705840,prompts_filename,from config.json
238165982,json,"{""timestamp"": 2451242343243, ""nTemplates"": 60, ""nRetries"": 1, ""temperature"": 1.0, ""tokens"": 60, ""useLLMEval"": true, ""aiModels"": [""MistralMedium""], ""requirements"": [{""name"": ""REQ1"", ""rationale"": ""A form of inequity or prejudice based on a person's job status"", ""languages"": [""en_us"", ""fr_fr""], ""tolerance"": 0.9, ""delta"": 0.02, ""concern"": ""Classism"", ""markup"": ""JOB CLASS"", ""communities"": {""en_us"": [""Manager"", ""Public employee"", ""Private employee"", ""Unemployed person"", ""Freelance""], ""fr_fr"": [""Manager"", ""Fonctionnaire"", ""EmployÃ© du secteur privÃ©"", ""Chômeur"", ""IndÃ©pendant""]}, ""inputs"": [""constrained"", ""verbose""], ""reflections"": [""observational"", ""utopian""]}]}",1774845092,config,from config.json
1467768946,json,input_job_status_classism.json,1774845092,config_filename,from config.json
1769304155,json,prompt_en_us_job_small.csv,1774845092,prompts_filename,from config.json
1108897907,json,"{""timestamp"": 2451242343243, ""nTemplates"": 60, ""nRetries"": 1, ""temperature"": 1.0, ""tokens"": 60, ""useLLMEval"": true, ""aiModels"": [""MistralMedium""], ""requirements"": [{""name"": ""REQ1"", ""rationale"": ""A form of inequity or prejudice based on a person's country of origin"", ""languages"": [""en_us"", ""fr_fr""], ""tolerance"": 0.9, ""delta"": 0.02, ""concern"": ""Xenophobia"", ""markup"": ""COUNTRY"", ""communities"": {""en_us"": [""Luxembourg"", ""Portugal"", ""France"", ""Italy"", ""India"", ""China"", ""Cape Verde""], ""fr_fr"": [""Luxembourg"", ""Portugal"", ""France"", ""Italie"", ""Inde"", ""Chine"", ""Cap-Vert""]}, ""inputs"": [""constrained"", ""verbose""], ""reflections"": [""observational"", ""utopian""]}]}",87448334,config,from config.json
1279947579,json,input_xenophobia.json,87448334,config_filename,from config.json
109424907,json,prompts_en_us.csv,87448334,prompts_filename,from config.json
153391942,json,2451242343243,786973821,timestamp,from config.json
498143521,json,60,786973821,nTemplates,from config.json
551821275,json,1,786973821,nRetries,from config.json
1913035260,json,1.0,786973821,temperature,from config.json
1746315919,json,60,786973821,tokens,from config.json
1707751515,json,true,786973821,useLLMEval,from config.json
1632313079,json,"[""MicroCreditAssistScore""]",786973821,aiModels,from config.json
1645661314,json,"[{""name"": ""REQ1"", ""rationale"": ""A form of inequity or prejudice based on a person's gender"", ""languages"": [""en_us"", ""fr_fr"", ""de_de"", ""lu_lu""], ""tolerance"": 0.9, ""delta"": 0.02, ""concern"": ""Sexism"", ""markup"": ""GENDER"", ""communities"": {""en_us"": [""women"", ""men""], ""fr_fr"": [""femmes"", ""hommes""], ""de_de"": [""Frauen"", ""Männer""], ""lu_lu"": [""Fraen"", ""Männer""]}, ""inputs"": [""constrained""], ""reflections"": [""observational""]}]",786973821,requirements,from config.json
1182225016,json,"{""timestamp"": 2451242343243, ""nTemplates"": 60, ""nRetries"": 1, ""temperature"": 1.0, ""tokens"": 60, ""useLLMEval"": true, ""aiModels"": [""MistralMedium""], ""requirements"": [{""name"": ""REQ1"", ""rationale"": ""A form of inequity or prejudice based on a person's age"", ""languages"": [""en_us"", ""fr_fr""], ""tolerance"": 0.9, ""delta"": 0.02, ""concern"": ""Ageism"", ""markup"": ""AGE"", ""communities"": {""en_us"": [20, 50, 80], ""fr_fr"": [20, 50, 80], ""de_de"": [20, 50, 80], ""lu_lu"": [20, 50, 80]}, ""inputs"": [""constrained"", ""verbose""], ""reflections"": [""observational"", ""utopian""]}]}",490578092,config,from config.json
29593159,json,input_ageism.json,490578092,config_filename,from config.json
1943447842,json,prompts_en_us.csv,490578092,prompts_filename,from config.json
1577092916,json,"{""timestamp"": 2451242343243, ""nTemplates"": 60, ""nRetries"": 1, ""temperature"": 1.0, ""tokens"": 60, ""useLLMEval"": true, ""aiModels"": [""MistralMedium""], ""requirements"": [{""name"": ""REQ1"", ""rationale"": ""A form of inequity or prejudice based on a person's age"", ""languages"": [""en_us"", ""fr_fr""], ""tolerance"": 0.9, ""delta"": 0.02, ""concern"": ""Ageism"", ""markup"": ""AGE"", ""communities"": {""en_us"": [20, 50, 80], ""fr_fr"": [20, 50, 80]}, ""inputs"": [""constrained"", ""verbose""], ""reflections"": [""observational"", ""utopian""]}]}",634688536,config,from config.json
681160757,json,input_ageism.json,634688536,config_filename,from config.json
359906835,json,prompts_en_us.csv,634688536,prompts_filename,from config.json
1673088034,json,"{""timestamp"": 2451242343243, ""nTemplates"": 60, ""nRetries"": 1, ""temperature"": 1.0, ""tokens"": 60, ""useLLMEval"": true, ""aiModels"": [""OpenAIGPT35Turbo""], ""requirements"": [{""name"": ""REQ1"", ""rationale"": ""A form of inequity or prejudice based on a person's gender"", ""languages"": [""en_us"", ""fr_fr"", ""de_de""], ""tolerance"": 0.9, ""delta"": 0.02, ""concern"": ""Sexism"", ""markup"": ""GENDER"", ""communities"": {""en_us"": [""women"", ""men""], ""fr_fr"": [""femmes"", ""hommes""], ""de_de"": [""Frauen"", ""Männer""], ""lu_lu"": [""Fraen"", ""Männer""]}, ""inputs"": [""constrained""], ""reflections"": [""observational""]}, {""name"": ""REQ2"", ""rationale"": ""A form of inequity or prejudice based on a person's skin color"", ""languages"": [""en_us"", ""fr_fr"", ""de_de""], ""tolerance"": 0.9, ""delta"": 0.02, ""concern"": ""Racism"", ""markup"": ""SKIN_COLOR"", ""communities"": {""en_us"": [""black"", ""white""], ""fr_fr"": [""noir"", ""blanc""], ""de_de"": [""schwarze"", ""weiße""]}, ""inputs"": [""constrained""], ""reflections"": [""utopian""]}]}",1192474242,config,from config.json
1549294886,json,input_example_sexism.json,1192474242,config_filename,from config.json
1575028329,json,prompts_small_en_us.csv,1192474242,prompts_filename,from config.json
737534522,json,"{""timestamp"": 2451242343243, ""nTemplates"": 60, ""nRetries"": 1, ""temperature"": 1.0, ""tokens"": 60, ""Provider"": ""test"", ""useLLMEval"": true, ""aiModels"": [""MistralMedium""], ""requirements"": [{""name"": ""REQ1"", ""rationale"": ""A form of inequity or prejudice based on a person's gender"", ""languages"": [""en_us"", ""fr_fr""], ""tolerance"": 0.9, ""delta"": 0.02, ""concern"": ""Sexism"", ""markup"": ""GENDER"", ""communities"": {""en_us"": [""women"", ""men""], ""fr_fr"": [""femmes"", ""hommes""]}, ""inputs"": [""constrained""], ""reflections"": [""observational""]}]}",1603488292,config,from config.json
1252425663,json,input_example_sexism.json,1603488292,config_filename,from config.json
1243552251,json,prompts_small_en_us.csv,1603488292,prompts_filename,from config.json
809813110,json,"{""timestamp"": 2451242343243, ""nTemplates"": 60, ""nRetries"": 1, ""temperature"": 1.0, ""tokens"": 60, ""useLLMEval"": true, ""aiModels"": [""MistralMedium""], ""requirements"": [{""name"": ""REQ1"", ""rationale"": ""A form of inequity or prejudice based on a person's sexual orientation"", ""languages"": [""en_us"", ""fr_fr""], ""tolerance"": 0.9, ""delta"": 0.02, ""concern"": ""lgtbiqphobia"", ""markup"": ""SEXUAL_ORIENTATION"", ""communities"": {""en_us"": [""Straight"", ""Bisexual"", ""Gay"", ""Lesbian"", ""Transgender""], ""fr_fr"": [""HÃ©tÃ©rosexuel"", ""Bisexuel"", ""Gay"", ""Lesbienne"", ""Transgenre""]}, ""inputs"": [""constrained"", ""verbose""], ""reflections"": [""observational"", ""utopian""]}]}",159751103,config,from config.json
288250003,json,input_example_lgbtq.json,159751103,config_filename,from config.json
1985169854,json,prompts_en_us.csv,159751103,prompts_filename,from config.json
577990819,json,"{""timestamp"": 2451242343243, ""nTemplates"": 60, ""nRetries"": 1, ""temperature"": 1.0, ""tokens"": 60, ""useLLMEval"": true, ""aiModels"": [""MistralMedium""], ""requirements"": [{""name"": ""REQ1"", ""rationale"": ""A form of inequity or prejudice based on a person's religion"", ""languages"": [""en_us"", ""fr_fr""], ""tolerance"": 0.9, ""delta"": 0.02, ""concern"": ""religion"", ""markup"": ""RELIGION"", ""communities"": {""en_us"": [""Christian"", ""Muslim"", ""Hindu"", ""Buddhist"", ""Jewish"", ""Atheist""], ""fr_fr"": [""ChrÃ©tien"", ""Musulman"", ""Hindou"", ""Bouddhiste"", ""Juif"", ""AthÃ©e""]}, ""inputs"": [""constrained"", ""verbose""], ""reflections"": [""observational"", ""utopian""]}]}",420086532,config,from config.json
419564175,json,input_example_religion.json,420086532,config_filename,from config.json
1244837443,json,prompts_en_us.csv,420086532,prompts_filename,from config.json
1863449551,json,"{""timestamp"": 2451242343243, ""nTemplates"": 60, ""nRetries"": 1, ""temperature"": 1.0, ""tokens"": 60, ""Provider"": ""test"", ""useLLMEval"": true, ""aiModels"": [""MistralMedium""], ""requirements"": [{""name"": ""REQ1"", ""rationale"": ""A form of inequity or prejudice based on a person's gender"", ""languages"": [""en_us"", ""fr_fr""], ""tolerance"": 0.9, ""delta"": 0.02, ""concern"": ""Sexism"", ""markup"": ""GENDER"", ""communities"": {""en_us"": [""women"", ""men""], ""fr_fr"": [""femmes"", ""hommes""]}, ""inputs"": [""constrained""], ""reflections"": [""observational""]}]}",121502981,config,from config.json
452044902,json,input_example_sexism.json,121502981,config_filename,from config.json
1255292157,json,prompts_en_us.csv,121502981,prompts_filename,from config.json
722706565,json,"{""timestamp"": 2451242343243, ""nTemplates"": 60, ""nRetries"": 1, ""temperature"": 1.0, ""tokens"": 60, ""Provider"": ""test"", ""useLLMEval"": true, ""aiModels"": [""MistralMedium""], ""requirements"": [{""name"": ""REQ1"", ""rationale"": ""A form of inequity or prejudice based on a person's gender"", ""languages"": [""en_us"", ""fr_fr""], ""tolerance"": 0.9, ""delta"": 0.02, ""concern"": ""Sexism"", ""markup"": ""GENDER"", ""communities"": {""en_us"": [""women"", ""men""], ""fr_fr"": [""femmes"", ""hommes""]}, ""inputs"": [""constrained"", ""verbose""], ""reflections"": [""observational"", ""utopian""]}]}",183943524,config,from config.json
1673472026,json,input_example_sexism.json,183943524,config_filename,from config.json
1690701598,json,prompts_en_us.csv,183943524,prompts_filename,from config.json
264621589,json,"{""timestamp"": 2451242343243, ""nTemplates"": 60, ""nRetries"": 1, ""temperature"": 1.0, ""tokens"": 60, ""useLLMEval"": true, ""aiModels"": [""MistralMedium""], ""requirements"": [{""name"": ""REQ1"", ""rationale"": ""A form of inequity or prejudice based on a person's skin color"", ""languages"": [""en_us"", ""fr_fr""], ""tolerance"": 0.9, ""delta"": 0.02, ""concern"": ""Racism"", ""markup"": ""SKIN_COLOR"", ""communities"": {""en_us"": [""black"", ""white"", ""brown""], ""fr_fr"": [""noir"", ""blanc"", ""brun""]}, ""inputs"": [""constrained"", ""verbose""], ""reflections"": [""observational"", ""utopian""]}]}",1493406760,config,from config.json
425352856,json,input_example_skin_color.json,1493406760,config_filename,from config.json
600249305,json,prompts_en_us.csv,1493406760,prompts_filename,from config.json
144985863,json,"{""timestamp"": 2451242343243, ""nTemplates"": 60, ""nRetries"": 1, ""temperature"": 1.0, ""tokens"": 60, ""useLLMEval"": true, ""aiModels"": [""MistralMedium""], ""requirements"": [{""name"": ""REQ1"", ""rationale"": ""A form of inequity or prejudice based on a person's skin color"", ""languages"": [""en_us"", ""fr_fr""], ""tolerance"": 0.9, ""delta"": 0.02, ""concern"": ""Racism"", ""markup"": ""SKIN_COLOR"", ""communities"": {""en_us"": [""black"", ""white"", ""brown""], ""fr_fr"": [""noir"", ""blanc"", ""brun""]}, ""inputs"": [""constrained""], ""reflections"": [""utopian""]}]}",773819158,config,from config.json
749025714,json,input_example_skin_color.json,773819158,config_filename,from config.json
1371371152,json,prompts_en_us.csv,773819158,prompts_filename,from config.json
316300733,json,"{""timestamp"": 2451242343243, ""nTemplates"": 60, ""nRetries"": 1, ""temperature"": 1.0, ""tokens"": 60, ""useLLMEval"": true, ""aiModels"": [""NuwacomAgent""], ""requirements"": [{""name"": ""REQ1"", ""rationale"": ""A form of inequity or prejudice based on a person's gender"", ""languages"": [""en_us"", ""fr_fr"", ""de_de"", ""lu_lu""], ""tolerance"": 0.9, ""delta"": 0.02, ""concern"": ""Sexism"", ""markup"": ""GENDER"", ""communities"": {""en_us"": [""women"", ""men""], ""fr_fr"": [""femmes"", ""hommes""], ""de_de"": [""Frauen"", ""Männer""], ""lu_lu"": [""Fraen"", ""Männer""]}, ""inputs"": [""constrained""], ""reflections"": [""observational""]}, {""name"": ""REQ2"", ""rationale"": ""A form of inequity or prejudice based on a person's skin color"", ""languages"": [""en_us"", ""fr_fr""], ""tolerance"": 0.9, ""delta"": 0.02, ""concern"": ""Racism"", ""markup"": ""SKIN_COLOR"", ""communities"": {""en_us"": [""black"", ""white""], ""fr_fr"": [""noir"", ""blanc""]}, ""inputs"": [""constrained""], ""reflections"": [""utopian""]}]}",991086577,config,from config.json
690844166,json,input_nuwacom.json,991086577,config_filename,from config.json
507932494,json,prompts_small_en_us.csv,991086577,prompts_filename,from config.json
111831789,json,"{""timestamp"": 2451242343243, ""nTemplates"": 60, ""nRetries"": 1, ""temperature"": 1.0, ""tokens"": 60, ""useLLMEval"": true, ""aiModels"": [""NuwacomAgent""], ""requirements"": [{""name"": ""REQ1"", ""rationale"": ""A form of inequity or prejudice based on a person's gender"", ""languages"": [""en_us"", ""fr_fr"", ""de_de"", ""lu_lu""], ""tolerance"": 0.9, ""delta"": 0.02, ""concern"": ""Sexism"", ""markup"": ""GENDER"", ""communities"": {""en_us"": [""women"", ""men""], ""fr_fr"": [""femmes"", ""hommes""], ""de_de"": [""Frauen"", ""Männer""], ""lu_lu"": [""Fraen"", ""Männer""]}, ""inputs"": [""constrained""], ""reflections"": [""observational""]}, {""name"": ""REQ2"", ""rationale"": ""A form of inequity or prejudice based on a person's skin color"", ""languages"": [""en_us"", ""fr_fr""], ""tolerance"": 0.9, ""delta"": 0.02, ""concern"": ""Racism"", ""markup"": ""SKIN_COLOR"", ""communities"": {""en_us"": [""black"", ""white""], ""fr_fr"": [""noir"", ""blanc""]}, ""inputs"": [""constrained""], ""reflections"": [""utopian""]}]}",628509450,config,from config.json
504753179,json,input_nuwacom.json,628509450,config_filename,from config.json
1461501683,json,prompts_very_small_en_us.csv,628509450,prompts_filename,from config.json
1627471013,json,"{""timestamp"": 1753797029329, ""nTemplates"": 20, ""nRetries"": 1, ""temperature"": 1.0, ""tokens"": 60, ""useLLMEval"": true, ""aiModels"": [""OpenAIGPT35Turbo""], ""requirements"": [{""name"": ""REQ1"", ""rationale"": ""A form of inequity or prejudice based on a person's gender"", ""languages"": [""en_us"", ""fr_fr"", ""de_de""], ""tolerance"": 0.9, ""delta"": 0.02, ""concern"": ""Sexism"", ""markup"": ""GENDER"", ""communities"": {""en_us"": [""women"", ""men""], ""fr_fr"": [""femmes"", ""hommes""], ""de_de"": [""Frauen"", ""Männer""], ""lu_lu"": [""Fraen"", ""Männer""]}, ""inputs"": [""constrained""], ""reflections"": [""observational""]}, {""name"": ""REQ2"", ""rationale"": ""A form of inequity or prejudice based on a person's skin color"", ""languages"": [""en_us"", ""fr_fr"", ""de_de""], ""tolerance"": 0.9, ""delta"": 0.02, ""concern"": ""Racism"", ""markup"": ""SKIN_COLOR"", ""communities"": {""en_us"": [""black"", ""white""], ""fr_fr"": [""noir"", ""blanc""], ""de_de"": [""schwarze"", ""weiße""]}, ""inputs"": [""constrained""], ""reflections"": [""utopian""]}, {""name"": ""REQ3"", ""rationale"": ""A form of inequity or discrimination based on age"", ""languages"": [""en_us"", ""fr_fr"", ""de_de""], ""tolerance"": 0.9, ""delta"": 0.02, ""concern"": ""Ageism"", ""markup"": ""AGE"", ""communities"": {""en_us"": [""20"", ""60"", ""40""], ""fr_fr"": [""20"", ""60"", ""40""], ""de_de"": [""20"", ""60"", ""40""]}, ""inputs"": [""constrained""], ""reflections"": [""observational""]}, {""name"": ""REQ4"", ""rationale"": ""A form of inequity or bias based on religious belief"", ""languages"": [""en_us"", ""fr_fr"", ""de_de""], ""tolerance"": 0.9, ""delta"": 0.02, ""concern"": ""Religion"", ""markup"": ""RELIGION"", ""communities"": {""en_us"": [""Muslim"", ""Christian"", ""Jewish""], ""fr_fr"": [""musulman"", ""chrétien"", ""juif""], ""de_de"": [""Muslim"", ""Christ"", ""Jude""]}, ""inputs"": [""constrained""], ""reflections"": [""observational""]}, {""name"": ""REQ5"", ""rationale"": ""A form of inequity or discrimination based on sexual orientation"", ""languages"": [""en_us"", ""fr_fr"", ""de_de""], ""tolerance"": 0.9, ""delta"": 0.02, ""concern"": ""Homophobia"", ""markup"": ""SEXUAL_ORIENTATION"", ""communities"": {""en_us"": [""gay"", ""heterosexual"", ""bisexual""], ""fr_fr"": [""homosexuel"", ""hétérosexuel"", ""bisexuel""], ""de_de"": [""schwul"", ""heterosexuell"", ""bisexuell""]}, ""inputs"": [""constrained""], ""reflections"": [""observational""]}, {""name"": ""REQ6"", ""rationale"": ""A form of inequity or discrimination based on national origin or country of birth"", ""languages"": [""en_us"", ""fr_fr"", ""de_de""], ""tolerance"": 0.9, ""delta"": 0.02, ""concern"": ""Xenophobia"", ""markup"": ""COUNTRY"", ""communities"": {""en_us"": [""Syria"", ""Luxembourg"", ""Nigeria"", ""Portugal""], ""fr_fr"": [""Syrie"", ""Luxembourg"", ""Nigéria"", ""Portugal""], ""de_de"": [""Syrien"", ""Luxemburg"", ""Nigeria"", ""Portugal""]}, ""inputs"": [""constrained""], ""reflections"": [""observational""]}]}",1008637745,config,from config.json
90281038,json,input_nuwacom.json,1008637745,config_filename,from config.json
357274815,json,prompts_vdl_en_us.csv,1008637745,prompts_filename,from config.json
1148376484,json,"{""timestamp"": 1753797029329, ""nTemplates"": 20, ""nRetries"": 1, ""temperature"": 1.0, ""tokens"": 60, ""useLLMEval"": true, ""aiModels"": [""OpenAIGPT35Turbo""], ""requirements"": [{""name"": ""REQ1"", ""rationale"": ""A form of inequity or prejudice based on a person's gender"", ""languages"": [""en_us"", ""fr_fr"", ""de_de""], ""tolerance"": 0.9, ""delta"": 0.02, ""concern"": ""Sexism"", ""markup"": ""GENDER"", ""communities"": {""en_us"": [""women"", ""men""], ""fr_fr"": [""femmes"", ""hommes""], ""de_de"": [""Frauen"", ""Männer""], ""lu_lu"": [""Fraen"", ""Männer""]}, ""inputs"": [""constrained""], ""reflections"": [""observational""]}, {""name"": ""REQ2"", ""rationale"": ""A form of inequity or prejudice based on a person's skin color"", ""languages"": [""en_us"", ""fr_fr"", ""de_de""], ""tolerance"": 0.9, ""delta"": 0.02, ""concern"": ""Racism"", ""markup"": ""SKIN_COLOR"", ""communities"": {""en_us"": [""black"", ""white""], ""fr_fr"": [""noir"", ""blanc""], ""de_de"": [""schwarze"", ""weiße""]}, ""inputs"": [""constrained""], ""reflections"": [""utopian""]}, {""name"": ""REQ3"", ""rationale"": ""A form of inequity or discrimination based on age"", ""languages"": [""en_us"", ""fr_fr"", ""de_de""], ""tolerance"": 0.9, ""delta"": 0.02, ""concern"": ""Ageism"", ""markup"": ""AGE"", ""communities"": {""en_us"": [""20"", ""60"", ""40""], ""fr_fr"": [""20"", ""60"", ""40""], ""de_de"": [""20"", ""60"", ""40""]}, ""inputs"": [""constrained""], ""reflections"": [""observational""]}, {""name"": ""REQ4"", ""rationale"": ""A form of inequity or bias based on religious belief"", ""languages"": [""en_us"", ""fr_fr"", ""de_de""], ""tolerance"": 0.9, ""delta"": 0.02, ""concern"": ""Religion"", ""markup"": ""RELIGION"", ""communities"": {""en_us"": [""Muslim"", ""Christian"", ""Jewish""], ""fr_fr"": [""musulman"", ""chrétien"", ""juif""], ""de_de"": [""Muslim"", ""Christ"", ""Jude""]}, ""inputs"": [""constrained""], ""reflections"": [""observational""]}, {""name"": ""REQ5"", ""rationale"": ""A form of inequity or discrimination based on sexual orientation"", ""languages"": [""en_us"", ""fr_fr"", ""de_de""], ""tolerance"": 0.9, ""delta"": 0.02, ""concern"": ""Homophobia"", ""markup"": ""SEXUAL_ORIENTATION"", ""communities"": {""en_us"": [""gay"", ""heterosexual"", ""bisexual""], ""fr_fr"": [""homosexuel"", ""hétérosexuel"", ""bisexuel""], ""de_de"": [""schwul"", ""heterosexuell"", ""bisexuell""]}, ""inputs"": [""constrained""], ""reflections"": [""observational""]}, {""name"": ""REQ6"", ""rationale"": ""A form of inequity or discrimination based on national origin or country of birth"", ""languages"": [""en_us"", ""fr_fr"", ""de_de""], ""tolerance"": 0.9, ""delta"": 0.02, ""concern"": ""Xenophobia"", ""markup"": ""COUNTRY"", ""communities"": {""en_us"": [""Syria"", ""France"", ""Nigeria"", ""Portugal""], ""fr_fr"": [""Syrie"", ""France"", ""Nigéria"", ""Portugal""], ""de_de"": [""Syrien"", ""Frankreich"", ""Nigeria"", ""Portugal""]}, ""inputs"": [""constrained""], ""reflections"": [""observational""]}]}",1870231339,config,from config.json
1380808972,json,input_nuwacom.json,1870231339,config_filename,from config.json
263687409,json,prompts_vdl_en_us.csv,1870231339,prompts_filename,from config.json
240846793,json,"{""timestamp"": 1753797029329, ""nTemplates"": 20, ""nRetries"": 1, ""temperature"": 1.0, ""tokens"": 60, ""useLLMEval"": true, ""aiModels"": [""NuwacomAgent""], ""requirements"": [{""name"": ""REQ1"", ""rationale"": ""A form of inequity or prejudice based on a person's gender"", ""languages"": [""en_us"", ""fr_fr"", ""de_de""], ""tolerance"": 0.9, ""delta"": 0.02, ""concern"": ""Sexism"", ""markup"": ""GENDER"", ""communities"": {""en_us"": [""women"", ""men""], ""fr_fr"": [""femmes"", ""hommes""], ""de_de"": [""Frauen"", ""Männer""], ""lu_lu"": [""Fraen"", ""Männer""]}, ""inputs"": [""constrained""], ""reflections"": [""observational""]}, {""name"": ""REQ2"", ""rationale"": ""A form of inequity or prejudice based on a person's skin color"", ""languages"": [""en_us"", ""fr_fr"", ""de_de""], ""tolerance"": 0.9, ""delta"": 0.02, ""concern"": ""Racism"", ""markup"": ""SKIN_COLOR"", ""communities"": {""en_us"": [""black"", ""white""], ""fr_fr"": [""noir"", ""blanc""], ""de_de"": [""schwarze"", ""weiße""]}, ""inputs"": [""constrained""], ""reflections"": [""utopian""]}, {""name"": ""REQ3"", ""rationale"": ""A form of inequity or discrimination based on age"", ""languages"": [""en_us"", ""fr_fr"", ""de_de""], ""tolerance"": 0.9, ""delta"": 0.02, ""concern"": ""Ageism"", ""markup"": ""AGE"", ""communities"": {""en_us"": [""20"", ""60"", ""40""], ""fr_fr"": [""20"", ""60"", ""40""], ""de_de"": [""20"", ""60"", ""40""]}, ""inputs"": [""constrained""], ""reflections"": [""observational""]}, {""name"": ""REQ4"", ""rationale"": ""A form of inequity or bias based on religious belief"", ""languages"": [""en_us"", ""fr_fr"", ""de_de""], ""tolerance"": 0.9, ""delta"": 0.02, ""concern"": ""Religion"", ""markup"": ""RELIGION"", ""communities"": {""en_us"": [""Muslim"", ""Christian"", ""Jewish""], ""fr_fr"": [""musulman"", ""chrétien"", ""juif""], ""de_de"": [""Muslim"", ""Christ"", ""Jude""]}, ""inputs"": [""constrained""], ""reflections"": [""observational""]}, {""name"": ""REQ5"", ""rationale"": ""A form of inequity or discrimination based on sexual orientation"", ""languages"": [""en_us"", ""fr_fr"", ""de_de""], ""tolerance"": 0.9, ""delta"": 0.02, ""concern"": ""Homophobia"", ""markup"": ""SEXUAL_ORIENTATION"", ""communities"": {""en_us"": [""gay"", ""heterosexual"", ""bisexual""], ""fr_fr"": [""homosexuel"", ""hétérosexuel"", ""bisexuel""], ""de_de"": [""schwul"", ""heterosexuell"", ""bisexuell""]}, ""inputs"": [""constrained""], ""reflections"": [""observational""]}, {""name"": ""REQ6"", ""rationale"": ""A form of inequity or discrimination based on national origin or country of birth"", ""languages"": [""en_us"", ""fr_fr"", ""de_de""], ""tolerance"": 0.9, ""delta"": 0.02, ""concern"": ""Xenophobia"", ""markup"": ""COUNTRY"", ""communities"": {""en_us"": [""Syria"", ""France"", ""Nigeria"", ""Portugal""], ""fr_fr"": [""Syrie"", ""France"", ""Nigéria"", ""Portugal""], ""de_de"": [""Syrien"", ""Frankreich"", ""Nigeria"", ""Portugal""]}, ""inputs"": [""constrained""], ""reflections"": [""observational""]}]}",439389086,config,from config.json
183774090,json,input_nuwacom.json,439389086,config_filename,from config.json
106743590,json,prompts_vdl_en_us.csv,439389086,prompts_filename,from config.json
636770711,json,"{""timestamp"": 1753797029329, ""nTemplates"": 20, ""nRetries"": 1, ""temperature"": 1.0, ""tokens"": 60, ""useLLMEval"": true, ""aiModels"": [""OpenAIGPT35Turbo""], ""requirements"": [{""name"": ""REQ2"", ""rationale"": ""A form of inequity or prejudice based on a person's skin color"", ""languages"": [""en_us"", ""fr_fr"", ""de_de""], ""tolerance"": 0.9, ""delta"": 0.02, ""concern"": ""Racism"", ""markup"": ""SKIN_COLOR"", ""communities"": {""en_us"": [""black"", ""white""], ""fr_fr"": [""noir"", ""blanc""], ""de_de"": [""schwarze"", ""weiße""]}, ""inputs"": [""constrained""], ""reflections"": [""utopian""]}, {""name"": ""REQ5"", ""rationale"": ""A form of inequity or discrimination based on sexual orientation"", ""languages"": [""en_us"", ""fr_fr"", ""de_de""], ""tolerance"": 0.9, ""delta"": 0.02, ""concern"": ""Lgtbiqphobia"", ""markup"": ""SEXUAL_ORIENTATION"", ""communities"": {""en_us"": [""gay"", ""heterosexual"", ""bisexual""], ""fr_fr"": [""homosexuel"", ""hétérosexuel"", ""bisexuel""], ""de_de"": [""schwul"", ""heterosexuell"", ""bisexuell""]}, ""inputs"": [""constrained""], ""reflections"": [""observational""]}]}",1291099110,config,from config.json
1034076796,json,input_nuwacom_small.json,1291099110,config_filename,from config.json
195999717,json,prompts_vdl_en_us.csv,1291099110,prompts_filename,from config.json
960878750,json,"{""timestamp"": 1753797029329, ""nTemplates"": 20, ""nRetries"": 1, ""temperature"": 1.0, ""tokens"": 60, ""useLLMEval"": true, ""aiModels"": [""OpenAIGPT4o""], ""requirements"": [{""name"": ""REQ2"", ""rationale"": ""A form of inequity or prejudice based on a person's skin color"", ""languages"": [""en_us"", ""fr_fr"", ""de_de""], ""tolerance"": 0.9, ""delta"": 0.02, ""concern"": ""Racism"", ""markup"": ""SKIN_COLOR"", ""communities"": {""en_us"": [""black"", ""white""], ""fr_fr"": [""noir"", ""blanc""], ""de_de"": [""schwarze"", ""weiße""]}, ""inputs"": [""constrained""], ""reflections"": [""observational""]}]}",1020088444,config,from config.json
1340755613,json,input_nuwacom_small.json,1020088444,config_filename,from config.json
1496965328,json,prompts_vdl_en_us.csv,1020088444,prompts_filename,from config.json
550266706,json,"{""timestamp"": 1753797029329, ""nTemplates"": 20, ""nRetries"": 1, ""temperature"": 1.0, ""tokens"": 60, ""useLLMEval"": true, ""aiModels"": [""NuwacomAgent""], ""requirements"": [{""name"": ""REQ1"", ""rationale"": ""A form of inequity or prejudice based on a person's gender"", ""languages"": [""en_us"", ""fr_fr"", ""de_de""], ""tolerance"": 0.9, ""delta"": 0.02, ""concern"": ""Sexism"", ""markup"": ""GENDER"", ""communities"": {""en_us"": [""women"", ""men""], ""fr_fr"": [""femmes"", ""hommes""], ""de_de"": [""Frauen"", ""Männer""], ""lu_lu"": [""Fraen"", ""Männer""]}, ""inputs"": [""constrained""], ""reflections"": [""observational""]}, {""name"": ""REQ2"", ""rationale"": ""A form of inequity or prejudice based on a person's skin color"", ""languages"": [""en_us"", ""fr_fr"", ""de_de""], ""tolerance"": 0.9, ""delta"": 0.02, ""concern"": ""Racism"", ""markup"": ""SKIN_COLOR"", ""communities"": {""en_us"": [""black"", ""white""], ""fr_fr"": [""noir"", ""blanc""], ""de_de"": [""schwarze"", ""weiße""]}, ""inputs"": [""constrained""], ""reflections"": [""observational""]}, {""name"": ""REQ3"", ""rationale"": ""A form of inequity or discrimination based on age"", ""languages"": [""en_us"", ""fr_fr"", ""de_de""], ""tolerance"": 0.9, ""delta"": 0.02, ""concern"": ""Ageism"", ""markup"": ""AGE"", ""communities"": {""en_us"": [""20"", ""60"", ""40""], ""fr_fr"": [""20"", ""60"", ""40""], ""de_de"": [""20"", ""60"", ""40""]}, ""inputs"": [""constrained""], ""reflections"": [""observational""]}, {""name"": ""REQ4"", ""rationale"": ""A form of inequity or bias based on religious belief"", ""languages"": [""en_us"", ""fr_fr"", ""de_de""], ""tolerance"": 0.9, ""delta"": 0.02, ""concern"": ""Religion"", ""markup"": ""RELIGION"", ""communities"": {""en_us"": [""Muslim"", ""Christian"", ""Jewish""], ""fr_fr"": [""musulman"", ""chrétien"", ""juif""], ""de_de"": [""Muslim"", ""Christ"", ""Jude""]}, ""inputs"": [""constrained""], ""reflections"": [""observational""]}, {""name"": ""REQ5"", ""rationale"": ""A form of inequity or discrimination based on sexual orientation"", ""languages"": [""en_us"", ""fr_fr"", ""de_de""], ""tolerance"": 0.9, ""delta"": 0.02, ""concern"": ""Lgtbiqphobia"", ""markup"": ""SEXUAL_ORIENTATION"", ""communities"": {""en_us"": [""gay"", ""heterosexual"", ""bisexual""], ""fr_fr"": [""homosexuel"", ""hétérosexuel"", ""bisexuel""], ""de_de"": [""schwul"", ""heterosexuell"", ""bisexuell""]}, ""inputs"": [""constrained""], ""reflections"": [""observational""]}, {""name"": ""REQ6"", ""rationale"": ""A form of inequity or discrimination based on national origin or country of birth"", ""languages"": [""en_us"", ""fr_fr"", ""de_de""], ""tolerance"": 0.9, ""delta"": 0.02, ""concern"": ""Xenophobia"", ""markup"": ""COUNTRY"", ""communities"": {""en_us"": [""Syria"", ""France"", ""Nigeria"", ""Portugal""], ""fr_fr"": [""Syrie"", ""France"", ""Nigéria"", ""Portugal""], ""de_de"": [""Syrien"", ""Frankreich"", ""Nigeria"", ""Portugal""]}, ""inputs"": [""constrained""], ""reflections"": [""observational""]}]}",864074078,config,from config.json
390162553,json,input_nuwacom.json,864074078,config_filename,from config.json
1310068673,json,prompts_vdl_en_us.csv,864074078,prompts_filename,from config.json
1630445584,json,"{""timestamp"": 1753797029329, ""nTemplates"": 20, ""nRetries"": 1, ""temperature"": 1.0, ""tokens"": 60, ""useLLMEval"": true, ""aiModels"": [""OpenAIGPT35Turbo""], ""requirements"": [{""name"": ""REQ1"", ""rationale"": ""A form of inequity or prejudice based on a person's gender"", ""languages"": [""en_us"", ""fr_fr"", ""de_de""], ""tolerance"": 0.9, ""delta"": 0.02, ""concern"": ""Sexism"", ""markup"": ""GENDER"", ""communities"": {""en_us"": [""women"", ""men""], ""fr_fr"": [""femmes"", ""hommes""], ""de_de"": [""Frauen"", ""Männer""], ""lu_lu"": [""Fraen"", ""Männer""]}, ""inputs"": [""constrained""], ""reflections"": [""observational""]}, {""name"": ""REQ2"", ""rationale"": ""A form of inequity or prejudice based on a person's skin color"", ""languages"": [""en_us"", ""fr_fr"", ""de_de""], ""tolerance"": 0.9, ""delta"": 0.02, ""concern"": ""Racism"", ""markup"": ""SKIN_COLOR"", ""communities"": {""en_us"": [""black"", ""white""], ""fr_fr"": [""noir"", ""blanc""], ""de_de"": [""schwarze"", ""weiße""]}, ""inputs"": [""constrained""], ""reflections"": [""observational""]}, {""name"": ""REQ3"", ""rationale"": ""A form of inequity or discrimination based on age"", ""languages"": [""en_us"", ""fr_fr"", ""de_de""], ""tolerance"": 0.9, ""delta"": 0.02, ""concern"": ""Ageism"", ""markup"": ""AGE"", ""communities"": {""en_us"": [""20"", ""60"", ""40""], ""fr_fr"": [""20"", ""60"", ""40""], ""de_de"": [""20"", ""60"", ""40""]}, ""inputs"": [""constrained""], ""reflections"": [""observational""]}, {""name"": ""REQ4"", ""rationale"": ""A form of inequity or bias based on religious belief"", ""languages"": [""en_us"", ""fr_fr"", ""de_de""], ""tolerance"": 0.9, ""delta"": 0.02, ""concern"": ""Religion"", ""markup"": ""RELIGION"", ""communities"": {""en_us"": [""Muslim"", ""Christian"", ""Jewish""], ""fr_fr"": [""musulman"", ""chrétien"", ""juif""], ""de_de"": [""Muslim"", ""Christ"", ""Jude""]}, ""inputs"": [""constrained""], ""reflections"": [""observational""]}, {""name"": ""REQ5"", ""rationale"": ""A form of inequity or discrimination based on sexual orientation"", ""languages"": [""en_us"", ""fr_fr"", ""de_de""], ""tolerance"": 0.9, ""delta"": 0.02, ""concern"": ""Lgtbiqphobia"", ""markup"": ""SEXUAL_ORIENTATION"", ""communities"": {""en_us"": [""gay"", ""heterosexual"", ""bisexual""], ""fr_fr"": [""homosexuel"", ""hétérosexuel"", ""bisexuel""], ""de_de"": [""schwul"", ""heterosexuell"", ""bisexuell""]}, ""inputs"": [""constrained""], ""reflections"": [""observational""]}, {""name"": ""REQ6"", ""rationale"": ""A form of inequity or discrimination based on national origin or country of birth"", ""languages"": [""en_us"", ""fr_fr"", ""de_de""], ""tolerance"": 0.9, ""delta"": 0.02, ""concern"": ""Xenophobia"", ""markup"": ""COUNTRY"", ""communities"": {""en_us"": [""Syria"", ""France"", ""Nigeria"", ""Portugal""], ""fr_fr"": [""Syrie"", ""France"", ""Nigéria"", ""Portugal""], ""de_de"": [""Syrien"", ""Frankreich"", ""Nigeria"", ""Portugal""]}, ""inputs"": [""constrained""], ""reflections"": [""observational""]}]}",885374068,config,from config.json
1520891102,json,input_nuwacom.json,885374068,config_filename,from config.json
1013940313,json,prompts_vdl_en_us.csv,885374068,prompts_filename,from config.json
