id,observer,whenObserved,tool_id,dataset_id,eval_id,name,description
67183161,MLABiTe,2025-11-14 09:58:50,95582095,1011880269,1149500492,ageism,Run observation for experiments/ageism at 20251114_095850 (en_us)
322485555,MLABiTe,2025-11-14 09:58:50,95582095,1011880269,5326096,ageism,Run observation for experiments/ageism at 20251114_095850 (fr_fr)
1553367217,MLABiTe,2025-07-16 17:59:43,95582095,1365754699,548034089,sexism,Run observation for experiments/sexism at 20250716_175943 (de_de)
1916249035,MLABiTe,2025-07-16 17:59:43,95582095,1444049481,1579515563,racism,Run observation for experiments/racism at 20250716_175943 (en_us)
29804095,MLABiTe,2025-07-16 17:59:43,95582095,1365754699,1960395736,sexism,Run observation for experiments/sexism at 20250716_175943 (en_us)
1658600628,MLABiTe,2025-07-16 17:59:43,95582095,1444049481,325013618,racism,Run observation for experiments/racism at 20250716_175943 (fr_fr)
362558338,MLABiTe,2025-07-16 17:59:43,95582095,1365754699,1202995658,sexism,Run observation for experiments/sexism at 20250716_175943 (fr_fr)
1182643508,MLABiTe,2025-07-16 17:59:43,95582095,1365754699,1587891974,sexism,Run observation for experiments/sexism at 20250716_175943 (lu_lu)
967875726,MLABiTe,2025-07-27 11:04:01,95582095,1365754699,548034089,sexism,Run observation for experiments/sexism at 20250727_110401 (de_de)
171014713,MLABiTe,2025-07-27 11:04:01,95582095,1444049481,1579515563,racism,Run observation for experiments/racism at 20250727_110401 (en_us)
1851905969,MLABiTe,2025-07-27 11:04:01,95582095,1365754699,1960395736,sexism,Run observation for experiments/sexism at 20250727_110401 (en_us)
1523152685,MLABiTe,2025-07-27 11:04:01,95582095,1444049481,325013618,racism,Run observation for experiments/racism at 20250727_110401 (fr_fr)
485440761,MLABiTe,2025-07-27 11:04:01,95582095,1365754699,1202995658,sexism,Run observation for experiments/sexism at 20250727_110401 (fr_fr)
90423572,MLABiTe,2025-07-27 11:04:01,95582095,1365754699,1587891974,sexism,Run observation for experiments/sexism at 20250727_110401 (lu_lu)
1554381381,MLABiTe,2025-07-28 11:30:57,95582095,1444049481,899618255,racism,Run observation for experiments/racism at 20250728_113057 (de_de)
473677025,MLABiTe,2025-07-28 11:30:57,95582095,866120447,1098194462,religion,Run observation for experiments/religion at 20250728_113057 (de_de)
622401856,MLABiTe,2025-07-28 11:30:57,95582095,1365754699,1807884858,sexism,Run observation for experiments/sexism at 20250728_113057 (de_de)
181781707,MLABiTe,2025-07-28 11:30:57,95582095,1444049481,433583081,racism,Run observation for experiments/racism at 20250728_113057 (en_us)
5319036,MLABiTe,2025-07-28 11:30:57,95582095,866120447,103288380,religion,Run observation for experiments/religion at 20250728_113057 (en_us)
854220419,MLABiTe,2025-07-28 11:30:57,95582095,1365754699,973016477,sexism,Run observation for experiments/sexism at 20250728_113057 (en_us)
1764860815,MLABiTe,2025-07-28 11:30:57,95582095,1444049481,1995117035,racism,Run observation for experiments/racism at 20250728_113057 (fr_fr)
1654125893,MLABiTe,2025-07-28 11:30:57,95582095,866120447,916159504,religion,Run observation for experiments/religion at 20250728_113057 (fr_fr)
842950394,MLABiTe,2025-07-28 11:30:57,95582095,1365754699,252545516,sexism,Run observation for experiments/sexism at 20250728_113057 (fr_fr)
1489811899,MLABiTe,2025-07-29 13:05:03,95582095,1444049481,1991288107,racism,Run observation for experiments/racism at 20250729_130503 (en_us)
242042550,MLABiTe,2025-07-29 13:05:03,95582095,1365754699,1322808326,sexism,Run observation for experiments/sexism at 20250729_130503 (en_us)
1206047334,MLABiTe,2025-07-29 13:05:03,95582095,1444049481,1821850918,racism,Run observation for experiments/racism at 20250729_130503 (fr_fr)
547141233,MLABiTe,2025-07-29 13:05:03,95582095,1365754699,1498934426,sexism,Run observation for experiments/sexism at 20250729_130503 (fr_fr)
591384303,MLABiTe,2025-07-30 14:49:04,95582095,1444049481,462833610,racism,Run observation for experiments/racism at 20250730_144904 (en_us)
510724863,MLABiTe,2025-07-30 14:49:04,95582095,1365754699,1689394801,sexism,Run observation for experiments/sexism at 20250730_144904 (en_us)
1920892982,MLABiTe,2025-07-30 14:49:04,95582095,1444049481,25794945,racism,Run observation for experiments/racism at 20250730_144904 (fr_fr)
1761152803,MLABiTe,2025-07-30 14:49:04,95582095,1365754699,358351390,sexism,Run observation for experiments/sexism at 20250730_144904 (fr_fr)
156462320,MLABiTe,2025-07-30 14:55:36,95582095,1444049481,462833610,racism,Run observation for experiments/racism at 20250730_145536 (en_us)
1990540662,MLABiTe,2025-07-30 14:55:36,95582095,1365754699,1689394801,sexism,Run observation for experiments/sexism at 20250730_145536 (en_us)
622745882,MLABiTe,2025-07-30 14:55:36,95582095,1444049481,25794945,racism,Run observation for experiments/racism at 20250730_145536 (fr_fr)
1548848515,MLABiTe,2025-07-30 14:55:36,95582095,1365754699,358351390,sexism,Run observation for experiments/sexism at 20250730_145536 (fr_fr)
1273779337,MLABiTe,2025-07-30 14:58:15,95582095,1444049481,462833610,racism,Run observation for experiments/racism at 20250730_145815 (en_us)
541721151,MLABiTe,2025-07-30 14:58:15,95582095,1365754699,1689394801,sexism,Run observation for experiments/sexism at 20250730_145815 (en_us)
78659843,MLABiTe,2025-07-30 14:58:15,95582095,1444049481,25794945,racism,Run observation for experiments/racism at 20250730_145815 (fr_fr)
1629146638,MLABiTe,2025-07-30 14:58:15,95582095,1365754699,358351390,sexism,Run observation for experiments/sexism at 20250730_145815 (fr_fr)
761473006,MLABiTe,2025-07-30 15:21:20,95582095,1444049481,462833610,racism,Run observation for experiments/racism at 20250730_152120 (en_us)
389166094,MLABiTe,2025-07-30 15:21:20,95582095,1365754699,1689394801,sexism,Run observation for experiments/sexism at 20250730_152120 (en_us)
402111443,MLABiTe,2025-07-30 15:21:20,95582095,1444049481,25794945,racism,Run observation for experiments/racism at 20250730_152120 (fr_fr)
1551558830,MLABiTe,2025-07-30 15:21:20,95582095,1365754699,358351390,sexism,Run observation for experiments/sexism at 20250730_152120 (fr_fr)
1243573192,MLABiTe,2025-11-13 12:38:20,95582095,813795855,1962626791,classism,Run observation for experiments/classism at 20251113_123820 (en_us)
1781862253,MLABiTe,2025-11-13 12:38:20,95582095,813795855,1358272132,classism,Run observation for experiments/classism at 20251113_123820 (fr_fr)
1223855370,MLABiTe,2025-11-14 15:06:04,95582095,813795855,1448142138,classism,Run observation for experiments/classism at 20251114_150604 (en_us)
1869561793,MLABiTe,2025-11-14 15:06:04,95582095,813795855,154075476,classism,Run observation for experiments/classism at 20251114_150604 (fr_fr)
1392856472,MLABiTe,2025-11-17 13:46:57,95582095,813795855,1102285169,classism,Run observation for experiments/classism at 20251117_134657 (en_us)
834482858,MLABiTe,2025-11-17 13:46:57,95582095,813795855,87342590,classism,Run observation for experiments/classism at 20251117_134657 (fr_fr)
1604977648,MLABiTe,2025-11-17 12:03:15,95582095,813795855,973848795,classism,Run observation for experiments/classism at 20251117_120315 (en_us)
365110686,MLABiTe,2025-11-17 12:03:15,95582095,813795855,330502184,classism,Run observation for experiments/classism at 20251117_120315 (fr_fr)
1800010301,MLABiTe,2025-11-19 09:46:11,95582095,813795855,973848795,classism,Run observation for experiments/classism at 20251119_094611 (en_us)
314380991,MLABiTe,2025-11-19 09:46:11,95582095,813795855,330502184,classism,Run observation for experiments/classism at 20251119_094611 (fr_fr)
36435921,MLABiTe,2025-11-14 13:39:33,95582095,751414599,1723243393,xenophobia,Run observation for experiments/xenophobia at 20251114_133933 (en_us)
12904666,MLABiTe,2025-11-14 13:39:33,95582095,751414599,1194055618,xenophobia,Run observation for experiments/xenophobia at 20251114_133933 (fr_fr)
343471817,MLABiTe,2026-02-11 10:46:28,95582095,516429081,1240455376,racism,Run observation for microcreditagent/racism at 20260211_104628 (de_de)
707924616,MLABiTe,2026-02-11 10:46:28,95582095,1556894763,1082621891,sexism,Run observation for microcreditagent/sexism at 20260211_104628 (de_de)
1674421544,MLABiTe,2026-02-11 10:46:28,95582095,1556894763,819096196,sexism,Run observation for microcreditagent/sexism at 20260211_104628 (en_us)
230191875,MLABiTe,2026-02-11 10:46:28,95582095,1556894763,96539974,sexism,Run observation for microcreditagent/sexism at 20260211_104628 (fr_fr)
1309062043,MLABiTe,2026-02-11 10:46:28,95582095,1556894763,907802879,sexism,Run observation for microcreditagent/sexism at 20260211_104628 (lu_lu)
1867575858,MLABiTe,2025-11-11 14:22:09,95582095,1066721811,1727740221,ageism,Run observation for mistral/ageism at 20251111_142209 (en_us)
469049004,MLABiTe,2025-11-11 14:22:09,95582095,1066721811,384918008,ageism,Run observation for mistral/ageism at 20251111_142209 (fr_fr)
229698801,MLABiTe,2025-11-11 15:03:57,95582095,1066721811,1705316937,ageism,Run observation for mistral/ageism at 20251111_150357 (en_us)
319762087,MLABiTe,2025-11-11 15:03:57,95582095,1066721811,499915622,ageism,Run observation for mistral/ageism at 20251111_150357 (fr_fr)
665745855,MLABiTe,2025-11-07 10:30:08,95582095,1798572881,634676722,racism,Run observation for mistral/racism at 20251107_103008 (de_de)
837992901,MLABiTe,2025-11-07 10:30:08,95582095,1702180872,1950247427,sexism,Run observation for mistral/sexism at 20251107_103008 (de_de)
1237875313,MLABiTe,2025-11-07 10:30:08,95582095,1798572881,265725723,racism,Run observation for mistral/racism at 20251107_103008 (en_us)
671738776,MLABiTe,2025-11-07 10:30:08,95582095,1702180872,1137043081,sexism,Run observation for mistral/sexism at 20251107_103008 (en_us)
1131124765,MLABiTe,2025-11-07 10:30:08,95582095,1798572881,242671345,racism,Run observation for mistral/racism at 20251107_103008 (fr_fr)
1202572160,MLABiTe,2025-11-07 10:30:08,95582095,1702180872,385399940,sexism,Run observation for mistral/sexism at 20251107_103008 (fr_fr)
413329433,MLABiTe,2025-11-07 14:21:57,95582095,1702180872,347599961,sexism,Run observation for mistral/sexism at 20251107_142157 (en_us)
497485694,MLABiTe,2025-11-07 14:21:57,95582095,1702180872,1129962070,sexism,Run observation for mistral/sexism at 20251107_142157 (fr_fr)
311378318,MLABiTe,2025-11-11 16:01:17,95582095,985688712,13897381,classism,Run observation for mistral/classism at 20251111_160117 (en_us)
1369531742,MLABiTe,2025-11-11 16:01:17,95582095,985688712,278570010,classism,Run observation for mistral/classism at 20251111_160117 (fr_fr)
1406779240,MLABiTe,2025-11-10 14:26:12,95582095,60767290,1515909759,lgtbiqphobia,Run observation for mistral/lgtbiqphobia at 20251110_142612 (en_us)
2928340,MLABiTe,2025-11-10 14:26:12,95582095,60767290,1813851813,lgtbiqphobia,Run observation for mistral/lgtbiqphobia at 20251110_142612 (fr_fr)
279653383,MLABiTe,2025-11-10 16:04:30,95582095,1721976132,1575280242,religion,Run observation for mistral/religion at 20251110_160430 (en_us)
748758830,MLABiTe,2025-11-10 16:04:30,95582095,1721976132,626210686,religion,Run observation for mistral/religion at 20251110_160430 (fr_fr)
178189160,MLABiTe,2025-11-07 14:33:57,95582095,1421974654,282753285,i_do_not_thinkpassed,Run observation for mistral/i_do_not_thinkpassed at 20251107_143357 (en_us)
1477343745,MLABiTe,2025-11-07 14:33:57,95582095,1702180872,281173468,sexism,Run observation for mistral/sexism at 20251107_143357 (en_us)
892557156,MLABiTe,2025-11-07 14:33:57,95582095,1702180872,80003878,sexism,Run observation for mistral/sexism at 20251107_143357 (fr_fr)
1127167630,MLABiTe,2025-11-10 09:40:40,95582095,1702180872,823041509,sexism,Run observation for mistral/sexism at 20251110_094040 (en_us)
858001187,MLABiTe,2025-11-10 09:40:40,95582095,1702180872,1285619981,sexism,Run observation for mistral/sexism at 20251110_094040 (fr_fr)
1565637280,MLABiTe,2025-11-10 11:25:09,95582095,1798572881,247262021,racism,Run observation for mistral/racism at 20251110_112509 (en_us)
1571146799,MLABiTe,2025-11-10 11:25:09,95582095,1798572881,1683293729,racism,Run observation for mistral/racism at 20251110_112509 (fr_fr)
750356380,MLABiTe,2025-11-07 17:15:42,95582095,1798572881,1972038564,racism,Run observation for mistral/racism at 20251107_171542 (en_us)
761781770,MLABiTe,2025-11-07 17:15:42,95582095,1798572881,1532119853,racism,Run observation for mistral/racism at 20251107_171542 (fr_fr)
1565637280,MLABiTe,2025-11-10 11:25:09,95582095,1798572881,247262021,racism,Run observation for mistral/racism at 20251110_112509 (en_us)
1571146799,MLABiTe,2025-11-10 11:25:09,95582095,1798572881,1683293729,racism,Run observation for mistral/racism at 20251110_112509 (fr_fr)
1082961977,MLABiTe,2025-11-11 13:23:33,95582095,837496365,529897451,xenophobia,Run observation for mistral/xenophobia at 20251111_132333 (fr_fr)
523055465,MLABiTe,2025-07-28 09:46:36,95582095,1923806037,566001776,sexism,Run observation for nuwacomAgent/sexism at 20250728_094636 (de_de)
426572118,MLABiTe,2025-07-28 09:46:36,95582095,578251616,220189576,racism,Run observation for nuwacomAgent/racism at 20250728_094636 (en_us)
1196763303,MLABiTe,2025-07-28 09:46:36,95582095,1923806037,1047683475,sexism,Run observation for nuwacomAgent/sexism at 20250728_094636 (en_us)
274703237,MLABiTe,2025-07-28 09:46:36,95582095,578251616,1562032791,racism,Run observation for nuwacomAgent/racism at 20250728_094636 (fr_fr)
1680886969,MLABiTe,2025-07-28 09:46:36,95582095,1923806037,230229829,sexism,Run observation for nuwacomAgent/sexism at 20250728_094636 (fr_fr)
1480735831,MLABiTe,2025-07-28 09:46:36,95582095,1923806037,1119475658,sexism,Run observation for nuwacomAgent/sexism at 20250728_094636 (lu_lu)
1363180075,MLABiTe,2025-07-28 09:49:23,95582095,1923806037,566001776,sexism,Run observation for nuwacomAgent/sexism at 20250728_094923 (de_de)
1319176526,MLABiTe,2025-07-28 09:49:23,95582095,578251616,220189576,racism,Run observation for nuwacomAgent/racism at 20250728_094923 (en_us)
1178444265,MLABiTe,2025-07-28 09:49:23,95582095,1923806037,1047683475,sexism,Run observation for nuwacomAgent/sexism at 20250728_094923 (en_us)
1753423244,MLABiTe,2025-07-28 09:49:23,95582095,578251616,1562032791,racism,Run observation for nuwacomAgent/racism at 20250728_094923 (fr_fr)
1774161217,MLABiTe,2025-07-28 09:49:23,95582095,1923806037,230229829,sexism,Run observation for nuwacomAgent/sexism at 20250728_094923 (fr_fr)
607216648,MLABiTe,2025-07-28 09:49:23,95582095,1923806037,1119475658,sexism,Run observation for nuwacomAgent/sexism at 20250728_094923 (lu_lu)
1152070991,MLABiTe,2025-07-28 10:12:54,95582095,1923806037,566001776,sexism,Run observation for nuwacomAgent/sexism at 20250728_101254 (de_de)
1210920539,MLABiTe,2025-07-28 10:12:54,95582095,578251616,220189576,racism,Run observation for nuwacomAgent/racism at 20250728_101254 (en_us)
1520242998,MLABiTe,2025-07-28 10:12:54,95582095,1923806037,1047683475,sexism,Run observation for nuwacomAgent/sexism at 20250728_101254 (en_us)
521154626,MLABiTe,2025-07-28 10:12:54,95582095,578251616,1562032791,racism,Run observation for nuwacomAgent/racism at 20250728_101254 (fr_fr)
1016107522,MLABiTe,2025-07-28 10:12:54,95582095,1923806037,230229829,sexism,Run observation for nuwacomAgent/sexism at 20250728_101254 (fr_fr)
170292540,MLABiTe,2025-07-28 10:12:54,95582095,1923806037,1119475658,sexism,Run observation for nuwacomAgent/sexism at 20250728_101254 (lu_lu)
110078605,MLABiTe,2025-07-28 10:23:45,95582095,1923806037,566001776,sexism,Run observation for nuwacomAgent/sexism at 20250728_102345 (de_de)
581051800,MLABiTe,2025-07-28 10:23:45,95582095,578251616,220189576,racism,Run observation for nuwacomAgent/racism at 20250728_102345 (en_us)
647985564,MLABiTe,2025-07-28 10:23:45,95582095,1923806037,1047683475,sexism,Run observation for nuwacomAgent/sexism at 20250728_102345 (en_us)
1654107111,MLABiTe,2025-07-28 10:23:45,95582095,578251616,1562032791,racism,Run observation for nuwacomAgent/racism at 20250728_102345 (fr_fr)
1814100996,MLABiTe,2025-07-28 10:23:45,95582095,1923806037,230229829,sexism,Run observation for nuwacomAgent/sexism at 20250728_102345 (fr_fr)
386764634,MLABiTe,2025-07-28 10:23:45,95582095,1923806037,1119475658,sexism,Run observation for nuwacomAgent/sexism at 20250728_102345 (lu_lu)
953515043,MLABiTe,2025-07-28 10:34:08,95582095,1923806037,604477126,sexism,Run observation for nuwacomAgent/sexism at 20250728_103408 (de_de)
1648902083,MLABiTe,2025-07-28 10:34:08,95582095,1923806037,893249045,sexism,Run observation for nuwacomAgent/sexism at 20250728_103408 (en_us)
1932640427,MLABiTe,2025-07-28 10:34:08,95582095,1923806037,1495491685,sexism,Run observation for nuwacomAgent/sexism at 20250728_103408 (fr_fr)
1119698086,MLABiTe,2025-07-28 10:34:08,95582095,1923806037,1148021942,sexism,Run observation for nuwacomAgent/sexism at 20250728_103408 (lu_lu)
1954658616,MLABiTe,2025-07-28 10:42:01,95582095,1923806037,893249045,sexism,Run observation for nuwacomAgent/sexism at 20250728_104201 (en_us)
1130953865,MLABiTe,2025-07-28 10:42:01,95582095,1923806037,1495491685,sexism,Run observation for nuwacomAgent/sexism at 20250728_104201 (fr_fr)
314825766,MLABiTe,2025-07-28 10:45:33,95582095,1923806037,893249045,sexism,Run observation for nuwacomAgent/sexism at 20250728_104533 (en_us)
1248329149,MLABiTe,2025-07-28 10:45:33,95582095,1923806037,1495491685,sexism,Run observation for nuwacomAgent/sexism at 20250728_104533 (fr_fr)
1537336255,MLABiTe,2025-07-28 11:03:54,95582095,1923806037,566001776,sexism,Run observation for nuwacomAgent/sexism at 20250728_110354 (de_de)
1413735970,MLABiTe,2025-07-28 11:03:54,95582095,578251616,220189576,racism,Run observation for nuwacomAgent/racism at 20250728_110354 (en_us)
417689730,MLABiTe,2025-07-28 11:03:54,95582095,1923806037,1047683475,sexism,Run observation for nuwacomAgent/sexism at 20250728_110354 (en_us)
1364241600,MLABiTe,2025-07-28 11:03:54,95582095,578251616,1562032791,racism,Run observation for nuwacomAgent/racism at 20250728_110354 (fr_fr)
1690191711,MLABiTe,2025-07-28 11:03:54,95582095,1923806037,230229829,sexism,Run observation for nuwacomAgent/sexism at 20250728_110354 (fr_fr)
1188322467,MLABiTe,2025-07-28 11:03:54,95582095,1923806037,1119475658,sexism,Run observation for nuwacomAgent/sexism at 20250728_110354 (lu_lu)
758773547,MLABiTe,2025-07-29 16:05:20,95582095,722077066,1446910604,ageism,Run observation for nuwacomAgent/ageism at 20250729_160520 (en_us)
1131202388,MLABiTe,2025-07-29 16:05:20,95582095,266846415,216371262,religion,Run observation for nuwacomAgent/religion at 20250729_160520 (en_us)
843826451,MLABiTe,2025-07-29 16:05:20,95582095,1923806037,567816579,sexism,Run observation for nuwacomAgent/sexism at 20250729_160520 (en_us)
59008463,MLABiTe,2025-07-29 16:05:20,95582095,9967960,96659723,xenophobia,Run observation for nuwacomAgent/xenophobia at 20250729_160520 (en_us)
1372754301,MLABiTe,2025-07-29 16:28:20,95582095,722077066,301654836,ageism,Run observation for nuwacomAgent/ageism at 20250729_162820 (de_de)
1309530327,MLABiTe,2025-07-29 16:28:20,95582095,266846415,95515288,religion,Run observation for nuwacomAgent/religion at 20250729_162820 (de_de)
451882488,MLABiTe,2025-07-29 16:28:20,95582095,1923806037,1755032013,sexism,Run observation for nuwacomAgent/sexism at 20250729_162820 (de_de)
1109674235,MLABiTe,2025-07-29 16:28:20,95582095,9967960,1052175342,xenophobia,Run observation for nuwacomAgent/xenophobia at 20250729_162820 (de_de)
402743531,MLABiTe,2025-07-29 16:28:20,95582095,722077066,1608988849,ageism,Run observation for nuwacomAgent/ageism at 20250729_162820 (en_us)
1351190889,MLABiTe,2025-07-29 16:28:20,95582095,266846415,626428153,religion,Run observation for nuwacomAgent/religion at 20250729_162820 (en_us)
524512435,MLABiTe,2025-07-29 16:28:20,95582095,1923806037,1203028232,sexism,Run observation for nuwacomAgent/sexism at 20250729_162820 (en_us)
952863323,MLABiTe,2025-07-29 16:28:20,95582095,9967960,1317595931,xenophobia,Run observation for nuwacomAgent/xenophobia at 20250729_162820 (en_us)
284669512,MLABiTe,2025-07-29 16:28:20,95582095,722077066,1898853652,ageism,Run observation for nuwacomAgent/ageism at 20250729_162820 (fr_fr)
1680293937,MLABiTe,2025-07-29 16:28:20,95582095,266846415,368416680,religion,Run observation for nuwacomAgent/religion at 20250729_162820 (fr_fr)
1876441853,MLABiTe,2025-07-29 16:28:20,95582095,1923806037,965725485,sexism,Run observation for nuwacomAgent/sexism at 20250729_162820 (fr_fr)
883314679,MLABiTe,2025-07-29 16:28:20,95582095,9967960,549968375,xenophobia,Run observation for nuwacomAgent/xenophobia at 20250729_162820 (fr_fr)
1700170602,MLABiTe,2025-07-29 16:40:44,95582095,722077066,648985047,ageism,Run observation for nuwacomAgent/ageism at 20250729_164044 (de_de)
25956647,MLABiTe,2025-07-29 16:40:44,95582095,266846415,1560063225,religion,Run observation for nuwacomAgent/religion at 20250729_164044 (de_de)
1672384859,MLABiTe,2025-07-29 16:40:44,95582095,1923806037,262877167,sexism,Run observation for nuwacomAgent/sexism at 20250729_164044 (de_de)
319913704,MLABiTe,2025-07-29 16:40:44,95582095,9967960,1526912121,xenophobia,Run observation for nuwacomAgent/xenophobia at 20250729_164044 (de_de)
458024600,MLABiTe,2025-07-29 16:40:44,95582095,722077066,512259312,ageism,Run observation for nuwacomAgent/ageism at 20250729_164044 (en_us)
69975654,MLABiTe,2025-07-29 16:40:44,95582095,266846415,1572829615,religion,Run observation for nuwacomAgent/religion at 20250729_164044 (en_us)
1227901203,MLABiTe,2025-07-29 16:40:44,95582095,1923806037,498372140,sexism,Run observation for nuwacomAgent/sexism at 20250729_164044 (en_us)
622795563,MLABiTe,2025-07-29 16:40:44,95582095,9967960,1843778633,xenophobia,Run observation for nuwacomAgent/xenophobia at 20250729_164044 (en_us)
1506722989,MLABiTe,2025-07-29 16:40:44,95582095,722077066,102672277,ageism,Run observation for nuwacomAgent/ageism at 20250729_164044 (fr_fr)
447499003,MLABiTe,2025-07-29 16:40:44,95582095,266846415,1244443169,religion,Run observation for nuwacomAgent/religion at 20250729_164044 (fr_fr)
1071893439,MLABiTe,2025-07-29 16:40:44,95582095,1923806037,1799366150,sexism,Run observation for nuwacomAgent/sexism at 20250729_164044 (fr_fr)
326930493,MLABiTe,2025-07-29 16:40:44,95582095,9967960,440430906,xenophobia,Run observation for nuwacomAgent/xenophobia at 20250729_164044 (fr_fr)
186542036,MLABiTe,2025-07-29 17:06:42,95582095,796908655,1052613589,lgtbiqphobia,Run observation for nuwacomAgent/lgtbiqphobia at 20250729_170642 (de_de)
42126092,MLABiTe,2025-07-29 17:06:42,95582095,796908655,850544927,lgtbiqphobia,Run observation for nuwacomAgent/lgtbiqphobia at 20250729_170642 (en_us)
1918008007,MLABiTe,2025-07-29 17:06:42,95582095,796908655,1614961166,lgtbiqphobia,Run observation for nuwacomAgent/lgtbiqphobia at 20250729_170642 (fr_fr)
14212101,MLABiTe,2025-07-29 17:13:47,95582095,578251616,92013375,racism,Run observation for nuwacomAgent/racism at 20250729_171347 (de_de)
862073328,MLABiTe,2025-07-29 17:13:47,95582095,578251616,950986737,racism,Run observation for nuwacomAgent/racism at 20250729_171347 (en_us)
1535627356,MLABiTe,2025-07-29 17:13:47,95582095,578251616,773793032,racism,Run observation for nuwacomAgent/racism at 20250729_171347 (fr_fr)
266442207,MLABiTe,2025-07-29 17:32:17,95582095,722077066,1256991814,ageism,Run observation for nuwacomAgent/ageism at 20250729_173217 (de_de)
705195247,MLABiTe,2025-07-29 17:32:17,95582095,796908655,10561469,lgtbiqphobia,Run observation for nuwacomAgent/lgtbiqphobia at 20250729_173217 (de_de)
1174832841,MLABiTe,2025-07-29 17:32:17,95582095,578251616,1111446168,racism,Run observation for nuwacomAgent/racism at 20250729_173217 (de_de)
1001257444,MLABiTe,2025-07-29 17:32:17,95582095,266846415,1049307834,religion,Run observation for nuwacomAgent/religion at 20250729_173217 (de_de)
1981448730,MLABiTe,2025-07-29 17:32:17,95582095,1923806037,1226942483,sexism,Run observation for nuwacomAgent/sexism at 20250729_173217 (de_de)
1223777683,MLABiTe,2025-07-29 17:32:17,95582095,9967960,679145204,xenophobia,Run observation for nuwacomAgent/xenophobia at 20250729_173217 (de_de)
1025545753,MLABiTe,2025-07-29 17:32:17,95582095,722077066,1720536108,ageism,Run observation for nuwacomAgent/ageism at 20250729_173217 (en_us)
15256204,MLABiTe,2025-07-29 17:32:17,95582095,796908655,989167861,lgtbiqphobia,Run observation for nuwacomAgent/lgtbiqphobia at 20250729_173217 (en_us)
877960263,MLABiTe,2025-07-29 17:32:17,95582095,578251616,294152729,racism,Run observation for nuwacomAgent/racism at 20250729_173217 (en_us)
1016410378,MLABiTe,2025-07-29 17:32:17,95582095,266846415,676242040,religion,Run observation for nuwacomAgent/religion at 20250729_173217 (en_us)
1876262827,MLABiTe,2025-07-29 17:32:17,95582095,1923806037,1240280092,sexism,Run observation for nuwacomAgent/sexism at 20250729_173217 (en_us)
10806332,MLABiTe,2025-07-29 17:32:17,95582095,9967960,1221360903,xenophobia,Run observation for nuwacomAgent/xenophobia at 20250729_173217 (en_us)
129663955,MLABiTe,2025-07-29 17:32:17,95582095,722077066,1174209641,ageism,Run observation for nuwacomAgent/ageism at 20250729_173217 (fr_fr)
975783029,MLABiTe,2025-07-29 17:32:17,95582095,796908655,1288834006,lgtbiqphobia,Run observation for nuwacomAgent/lgtbiqphobia at 20250729_173217 (fr_fr)
1849745359,MLABiTe,2025-07-29 17:32:17,95582095,578251616,513276705,racism,Run observation for nuwacomAgent/racism at 20250729_173217 (fr_fr)
1488913063,MLABiTe,2025-07-29 17:32:17,95582095,266846415,1508272608,religion,Run observation for nuwacomAgent/religion at 20250729_173217 (fr_fr)
88939516,MLABiTe,2025-07-29 17:32:17,95582095,1923806037,1850681797,sexism,Run observation for nuwacomAgent/sexism at 20250729_173217 (fr_fr)
458024054,MLABiTe,2025-07-29 17:32:17,95582095,9967960,1501216114,xenophobia,Run observation for nuwacomAgent/xenophobia at 20250729_173217 (fr_fr)
1729728365,MLABiTe,2025-07-30 11:51:53,95582095,578251616,92013375,racism,Run observation for nuwacomAgent/racism at 20250730_115153 (de_de)
995111432,MLABiTe,2025-07-30 11:51:53,95582095,578251616,950986737,racism,Run observation for nuwacomAgent/racism at 20250730_115153 (en_us)
916256992,MLABiTe,2025-07-30 11:51:53,95582095,578251616,773793032,racism,Run observation for nuwacomAgent/racism at 20250730_115153 (fr_fr)
1206443094,MLABiTe,2025-07-30 11:59:00,95582095,722077066,1256991814,ageism,Run observation for nuwacomAgent/ageism at 20250730_115900 (de_de)
1236609862,MLABiTe,2025-07-30 11:59:00,95582095,796908655,10561469,lgtbiqphobia,Run observation for nuwacomAgent/lgtbiqphobia at 20250730_115900 (de_de)
54836586,MLABiTe,2025-07-30 11:59:00,95582095,578251616,1111446168,racism,Run observation for nuwacomAgent/racism at 20250730_115900 (de_de)
1432186552,MLABiTe,2025-07-30 11:59:00,95582095,266846415,1049307834,religion,Run observation for nuwacomAgent/religion at 20250730_115900 (de_de)
1743579310,MLABiTe,2025-07-30 11:59:00,95582095,1923806037,1226942483,sexism,Run observation for nuwacomAgent/sexism at 20250730_115900 (de_de)
116249407,MLABiTe,2025-07-30 11:59:00,95582095,9967960,679145204,xenophobia,Run observation for nuwacomAgent/xenophobia at 20250730_115900 (de_de)
136464959,MLABiTe,2025-07-30 11:59:00,95582095,722077066,1720536108,ageism,Run observation for nuwacomAgent/ageism at 20250730_115900 (en_us)
1701220044,MLABiTe,2025-07-30 11:59:00,95582095,796908655,989167861,lgtbiqphobia,Run observation for nuwacomAgent/lgtbiqphobia at 20250730_115900 (en_us)
1128172104,MLABiTe,2025-07-30 11:59:00,95582095,578251616,294152729,racism,Run observation for nuwacomAgent/racism at 20250730_115900 (en_us)
522013837,MLABiTe,2025-07-30 11:59:00,95582095,266846415,676242040,religion,Run observation for nuwacomAgent/religion at 20250730_115900 (en_us)
412140708,MLABiTe,2025-07-30 11:59:00,95582095,1923806037,1240280092,sexism,Run observation for nuwacomAgent/sexism at 20250730_115900 (en_us)
916341059,MLABiTe,2025-07-30 11:59:00,95582095,9967960,1221360903,xenophobia,Run observation for nuwacomAgent/xenophobia at 20250730_115900 (en_us)
507059290,MLABiTe,2025-07-30 11:59:00,95582095,722077066,1174209641,ageism,Run observation for nuwacomAgent/ageism at 20250730_115900 (fr_fr)
1728241506,MLABiTe,2025-07-30 11:59:00,95582095,796908655,1288834006,lgtbiqphobia,Run observation for nuwacomAgent/lgtbiqphobia at 20250730_115900 (fr_fr)
724077741,MLABiTe,2025-07-30 11:59:00,95582095,578251616,513276705,racism,Run observation for nuwacomAgent/racism at 20250730_115900 (fr_fr)
1987522000,MLABiTe,2025-07-30 11:59:00,95582095,266846415,1508272608,religion,Run observation for nuwacomAgent/religion at 20250730_115900 (fr_fr)
478493530,MLABiTe,2025-07-30 11:59:00,95582095,1923806037,1850681797,sexism,Run observation for nuwacomAgent/sexism at 20250730_115900 (fr_fr)
1328815734,MLABiTe,2025-07-30 11:59:00,95582095,9967960,1501216114,xenophobia,Run observation for nuwacomAgent/xenophobia at 20250730_115900 (fr_fr)
648893229,MLABiTe,2025-07-30 12:42:20,95582095,722077066,1256991814,ageism,Run observation for nuwacomAgent/ageism at 20250730_124220 (de_de)
925126001,MLABiTe,2025-07-30 12:42:20,95582095,796908655,10561469,lgtbiqphobia,Run observation for nuwacomAgent/lgtbiqphobia at 20250730_124220 (de_de)
589198754,MLABiTe,2025-07-30 12:42:20,95582095,578251616,1111446168,racism,Run observation for nuwacomAgent/racism at 20250730_124220 (de_de)
1517182470,MLABiTe,2025-07-30 12:42:20,95582095,266846415,1049307834,religion,Run observation for nuwacomAgent/religion at 20250730_124220 (de_de)
22473666,MLABiTe,2025-07-30 12:42:20,95582095,1923806037,1226942483,sexism,Run observation for nuwacomAgent/sexism at 20250730_124220 (de_de)
203696305,MLABiTe,2025-07-30 12:42:20,95582095,9967960,679145204,xenophobia,Run observation for nuwacomAgent/xenophobia at 20250730_124220 (de_de)
1178781986,MLABiTe,2025-07-30 12:42:20,95582095,722077066,1720536108,ageism,Run observation for nuwacomAgent/ageism at 20250730_124220 (en_us)
486364072,MLABiTe,2025-07-30 12:42:20,95582095,796908655,989167861,lgtbiqphobia,Run observation for nuwacomAgent/lgtbiqphobia at 20250730_124220 (en_us)
1907592414,MLABiTe,2025-07-30 12:42:20,95582095,578251616,294152729,racism,Run observation for nuwacomAgent/racism at 20250730_124220 (en_us)
1340181911,MLABiTe,2025-07-30 12:42:20,95582095,266846415,676242040,religion,Run observation for nuwacomAgent/religion at 20250730_124220 (en_us)
626854361,MLABiTe,2025-07-30 12:42:20,95582095,1923806037,1240280092,sexism,Run observation for nuwacomAgent/sexism at 20250730_124220 (en_us)
354300190,MLABiTe,2025-07-30 12:42:20,95582095,9967960,1221360903,xenophobia,Run observation for nuwacomAgent/xenophobia at 20250730_124220 (en_us)
625599782,MLABiTe,2025-07-30 12:42:20,95582095,722077066,1174209641,ageism,Run observation for nuwacomAgent/ageism at 20250730_124220 (fr_fr)
1106948700,MLABiTe,2025-07-30 12:42:20,95582095,796908655,1288834006,lgtbiqphobia,Run observation for nuwacomAgent/lgtbiqphobia at 20250730_124220 (fr_fr)
1216630658,MLABiTe,2025-07-30 12:42:20,95582095,578251616,513276705,racism,Run observation for nuwacomAgent/racism at 20250730_124220 (fr_fr)
386588418,MLABiTe,2025-07-30 12:42:20,95582095,266846415,1508272608,religion,Run observation for nuwacomAgent/religion at 20250730_124220 (fr_fr)
159398066,MLABiTe,2025-07-30 12:42:20,95582095,1923806037,1850681797,sexism,Run observation for nuwacomAgent/sexism at 20250730_124220 (fr_fr)
358092049,MLABiTe,2025-07-30 12:42:20,95582095,9967960,1501216114,xenophobia,Run observation for nuwacomAgent/xenophobia at 20250730_124220 (fr_fr)
1958418459,MLABiTe,2025-07-30 12:42:29,95582095,722077066,1256991814,ageism,Run observation for nuwacomAgent/ageism at 20250730_124229 (de_de)
1794802457,MLABiTe,2025-07-30 12:42:29,95582095,796908655,10561469,lgtbiqphobia,Run observation for nuwacomAgent/lgtbiqphobia at 20250730_124229 (de_de)
1577851675,MLABiTe,2025-07-30 12:42:29,95582095,578251616,1111446168,racism,Run observation for nuwacomAgent/racism at 20250730_124229 (de_de)
1201472194,MLABiTe,2025-07-30 12:42:29,95582095,266846415,1049307834,religion,Run observation for nuwacomAgent/religion at 20250730_124229 (de_de)
1579411644,MLABiTe,2025-07-30 12:42:29,95582095,1923806037,1226942483,sexism,Run observation for nuwacomAgent/sexism at 20250730_124229 (de_de)
715925264,MLABiTe,2025-07-30 12:42:29,95582095,9967960,679145204,xenophobia,Run observation for nuwacomAgent/xenophobia at 20250730_124229 (de_de)
699321941,MLABiTe,2025-07-30 12:42:29,95582095,722077066,1720536108,ageism,Run observation for nuwacomAgent/ageism at 20250730_124229 (en_us)
83520981,MLABiTe,2025-07-30 12:42:29,95582095,796908655,989167861,lgtbiqphobia,Run observation for nuwacomAgent/lgtbiqphobia at 20250730_124229 (en_us)
112819634,MLABiTe,2025-07-30 12:42:29,95582095,578251616,294152729,racism,Run observation for nuwacomAgent/racism at 20250730_124229 (en_us)
1949526714,MLABiTe,2025-07-30 12:42:29,95582095,266846415,676242040,religion,Run observation for nuwacomAgent/religion at 20250730_124229 (en_us)
952269070,MLABiTe,2025-07-30 12:42:29,95582095,1923806037,1240280092,sexism,Run observation for nuwacomAgent/sexism at 20250730_124229 (en_us)
1112045565,MLABiTe,2025-07-30 12:42:29,95582095,9967960,1221360903,xenophobia,Run observation for nuwacomAgent/xenophobia at 20250730_124229 (en_us)
1933740489,MLABiTe,2025-07-30 12:42:29,95582095,722077066,1174209641,ageism,Run observation for nuwacomAgent/ageism at 20250730_124229 (fr_fr)
676385762,MLABiTe,2025-07-30 12:42:29,95582095,796908655,1288834006,lgtbiqphobia,Run observation for nuwacomAgent/lgtbiqphobia at 20250730_124229 (fr_fr)
145935508,MLABiTe,2025-07-30 12:42:29,95582095,578251616,513276705,racism,Run observation for nuwacomAgent/racism at 20250730_124229 (fr_fr)
195032476,MLABiTe,2025-07-30 12:42:29,95582095,266846415,1508272608,religion,Run observation for nuwacomAgent/religion at 20250730_124229 (fr_fr)
1889422506,MLABiTe,2025-07-30 12:42:29,95582095,1923806037,1850681797,sexism,Run observation for nuwacomAgent/sexism at 20250730_124229 (fr_fr)
1769455961,MLABiTe,2025-07-30 12:42:29,95582095,9967960,1501216114,xenophobia,Run observation for nuwacomAgent/xenophobia at 20250730_124229 (fr_fr)
1993203488,MLABiTe,2025-07-30 13:21:23,95582095,722077066,1256991814,ageism,Run observation for nuwacomAgent/ageism at 20250730_132123 (de_de)
1188071768,MLABiTe,2025-07-30 13:21:23,95582095,796908655,10561469,lgtbiqphobia,Run observation for nuwacomAgent/lgtbiqphobia at 20250730_132123 (de_de)
1631482331,MLABiTe,2025-07-30 13:21:23,95582095,578251616,1111446168,racism,Run observation for nuwacomAgent/racism at 20250730_132123 (de_de)
1258920731,MLABiTe,2025-07-30 13:21:23,95582095,266846415,1049307834,religion,Run observation for nuwacomAgent/religion at 20250730_132123 (de_de)
1788035865,MLABiTe,2025-07-30 13:21:23,95582095,1923806037,1226942483,sexism,Run observation for nuwacomAgent/sexism at 20250730_132123 (de_de)
1187801080,MLABiTe,2025-07-30 13:21:23,95582095,9967960,679145204,xenophobia,Run observation for nuwacomAgent/xenophobia at 20250730_132123 (de_de)
1970158829,MLABiTe,2025-07-30 13:21:23,95582095,722077066,1720536108,ageism,Run observation for nuwacomAgent/ageism at 20250730_132123 (en_us)
734868586,MLABiTe,2025-07-30 13:21:23,95582095,796908655,989167861,lgtbiqphobia,Run observation for nuwacomAgent/lgtbiqphobia at 20250730_132123 (en_us)
1241423106,MLABiTe,2025-07-30 13:21:23,95582095,578251616,294152729,racism,Run observation for nuwacomAgent/racism at 20250730_132123 (en_us)
683225208,MLABiTe,2025-07-30 13:21:23,95582095,266846415,676242040,religion,Run observation for nuwacomAgent/religion at 20250730_132123 (en_us)
126389824,MLABiTe,2025-07-30 13:21:23,95582095,1923806037,1240280092,sexism,Run observation for nuwacomAgent/sexism at 20250730_132123 (en_us)
1708129662,MLABiTe,2025-07-30 13:21:23,95582095,9967960,1221360903,xenophobia,Run observation for nuwacomAgent/xenophobia at 20250730_132123 (en_us)
1758933257,MLABiTe,2025-07-30 13:21:23,95582095,722077066,1174209641,ageism,Run observation for nuwacomAgent/ageism at 20250730_132123 (fr_fr)
548236614,MLABiTe,2025-07-30 13:21:23,95582095,796908655,1288834006,lgtbiqphobia,Run observation for nuwacomAgent/lgtbiqphobia at 20250730_132123 (fr_fr)
1085808064,MLABiTe,2025-07-30 13:21:23,95582095,578251616,513276705,racism,Run observation for nuwacomAgent/racism at 20250730_132123 (fr_fr)
1688878113,MLABiTe,2025-07-30 13:21:23,95582095,266846415,1508272608,religion,Run observation for nuwacomAgent/religion at 20250730_132123 (fr_fr)
1079176353,MLABiTe,2025-07-30 13:21:23,95582095,1923806037,1850681797,sexism,Run observation for nuwacomAgent/sexism at 20250730_132123 (fr_fr)
1194203181,MLABiTe,2025-07-30 13:21:23,95582095,9967960,1501216114,xenophobia,Run observation for nuwacomAgent/xenophobia at 20250730_132123 (fr_fr)
1478553827,MLABiTe,2025-07-30 13:48:13,95582095,722077066,1256991814,ageism,Run observation for nuwacomAgent/ageism at 20250730_134813 (de_de)
121166119,MLABiTe,2025-07-30 13:48:13,95582095,796908655,10561469,lgtbiqphobia,Run observation for nuwacomAgent/lgtbiqphobia at 20250730_134813 (de_de)
783524635,MLABiTe,2025-07-30 13:48:13,95582095,578251616,1111446168,racism,Run observation for nuwacomAgent/racism at 20250730_134813 (de_de)
63586094,MLABiTe,2025-07-30 13:48:13,95582095,266846415,1049307834,religion,Run observation for nuwacomAgent/religion at 20250730_134813 (de_de)
1710946601,MLABiTe,2025-07-30 13:48:13,95582095,1923806037,1226942483,sexism,Run observation for nuwacomAgent/sexism at 20250730_134813 (de_de)
1524435940,MLABiTe,2025-07-30 13:48:13,95582095,9967960,679145204,xenophobia,Run observation for nuwacomAgent/xenophobia at 20250730_134813 (de_de)
78822746,MLABiTe,2025-07-30 13:48:13,95582095,722077066,1720536108,ageism,Run observation for nuwacomAgent/ageism at 20250730_134813 (en_us)
853944861,MLABiTe,2025-07-30 13:48:13,95582095,796908655,989167861,lgtbiqphobia,Run observation for nuwacomAgent/lgtbiqphobia at 20250730_134813 (en_us)
442331815,MLABiTe,2025-07-30 13:48:13,95582095,578251616,294152729,racism,Run observation for nuwacomAgent/racism at 20250730_134813 (en_us)
281914433,MLABiTe,2025-07-30 13:48:13,95582095,266846415,676242040,religion,Run observation for nuwacomAgent/religion at 20250730_134813 (en_us)
331126090,MLABiTe,2025-07-30 13:48:13,95582095,1923806037,1240280092,sexism,Run observation for nuwacomAgent/sexism at 20250730_134813 (en_us)
724878400,MLABiTe,2025-07-30 13:48:13,95582095,9967960,1221360903,xenophobia,Run observation for nuwacomAgent/xenophobia at 20250730_134813 (en_us)
49033387,MLABiTe,2025-07-30 13:48:13,95582095,722077066,1174209641,ageism,Run observation for nuwacomAgent/ageism at 20250730_134813 (fr_fr)
561089221,MLABiTe,2025-07-30 13:48:13,95582095,796908655,1288834006,lgtbiqphobia,Run observation for nuwacomAgent/lgtbiqphobia at 20250730_134813 (fr_fr)
1450746402,MLABiTe,2025-07-30 13:48:13,95582095,578251616,513276705,racism,Run observation for nuwacomAgent/racism at 20250730_134813 (fr_fr)
792364325,MLABiTe,2025-07-30 13:48:13,95582095,266846415,1508272608,religion,Run observation for nuwacomAgent/religion at 20250730_134813 (fr_fr)
1504159211,MLABiTe,2025-07-30 13:48:13,95582095,1923806037,1850681797,sexism,Run observation for nuwacomAgent/sexism at 20250730_134813 (fr_fr)
1414538104,MLABiTe,2025-07-30 13:48:13,95582095,9967960,1501216114,xenophobia,Run observation for nuwacomAgent/xenophobia at 20250730_134813 (fr_fr)
1159965629,MLABiTe,2025-07-30 15:16:35,95582095,722077066,842114348,ageism,Run observation for nuwacomAgent/ageism at 20250730_151635 (de_de)
1430022797,MLABiTe,2025-07-30 15:16:35,95582095,796908655,570049075,lgtbiqphobia,Run observation for nuwacomAgent/lgtbiqphobia at 20250730_151635 (de_de)
427874239,MLABiTe,2025-07-30 15:16:35,95582095,578251616,923678580,racism,Run observation for nuwacomAgent/racism at 20250730_151635 (de_de)
1222291676,MLABiTe,2025-07-30 15:16:35,95582095,266846415,1659441513,religion,Run observation for nuwacomAgent/religion at 20250730_151635 (de_de)
1367884257,MLABiTe,2025-07-30 15:16:35,95582095,1923806037,1050148703,sexism,Run observation for nuwacomAgent/sexism at 20250730_151635 (de_de)
181865173,MLABiTe,2025-07-30 15:16:35,95582095,9967960,395170450,xenophobia,Run observation for nuwacomAgent/xenophobia at 20250730_151635 (de_de)
977907291,MLABiTe,2025-07-30 15:16:35,95582095,722077066,351786291,ageism,Run observation for nuwacomAgent/ageism at 20250730_151635 (en_us)
1642362833,MLABiTe,2025-07-30 15:16:35,95582095,796908655,1111894000,lgtbiqphobia,Run observation for nuwacomAgent/lgtbiqphobia at 20250730_151635 (en_us)
1083445493,MLABiTe,2025-07-30 15:16:35,95582095,578251616,470376156,racism,Run observation for nuwacomAgent/racism at 20250730_151635 (en_us)
1442793949,MLABiTe,2025-07-30 15:16:35,95582095,266846415,550033841,religion,Run observation for nuwacomAgent/religion at 20250730_151635 (en_us)
151047656,MLABiTe,2025-07-30 15:16:35,95582095,1923806037,213940294,sexism,Run observation for nuwacomAgent/sexism at 20250730_151635 (en_us)
106702396,MLABiTe,2025-07-30 15:16:35,95582095,9967960,1451950403,xenophobia,Run observation for nuwacomAgent/xenophobia at 20250730_151635 (en_us)
1652540818,MLABiTe,2025-07-30 15:16:35,95582095,722077066,1803016165,ageism,Run observation for nuwacomAgent/ageism at 20250730_151635 (fr_fr)
1122248500,MLABiTe,2025-07-30 15:16:35,95582095,796908655,1391116318,lgtbiqphobia,Run observation for nuwacomAgent/lgtbiqphobia at 20250730_151635 (fr_fr)
206660343,MLABiTe,2025-07-30 15:16:35,95582095,578251616,99279067,racism,Run observation for nuwacomAgent/racism at 20250730_151635 (fr_fr)
525493385,MLABiTe,2025-07-30 15:16:35,95582095,266846415,1670009682,religion,Run observation for nuwacomAgent/religion at 20250730_151635 (fr_fr)
217985100,MLABiTe,2025-07-30 15:16:35,95582095,1923806037,1489178109,sexism,Run observation for nuwacomAgent/sexism at 20250730_151635 (fr_fr)
1125858569,MLABiTe,2025-07-30 15:16:35,95582095,9967960,1656556018,xenophobia,Run observation for nuwacomAgent/xenophobia at 20250730_151635 (fr_fr)
1688149312,MLABiTe,2025-07-30 15:21:26,95582095,722077066,842114348,ageism,Run observation for nuwacomAgent/ageism at 20250730_152126 (de_de)
1419183939,MLABiTe,2025-07-30 15:21:26,95582095,796908655,570049075,lgtbiqphobia,Run observation for nuwacomAgent/lgtbiqphobia at 20250730_152126 (de_de)
100387543,MLABiTe,2025-07-30 15:21:26,95582095,578251616,923678580,racism,Run observation for nuwacomAgent/racism at 20250730_152126 (de_de)
269718827,MLABiTe,2025-07-30 15:21:26,95582095,266846415,1659441513,religion,Run observation for nuwacomAgent/religion at 20250730_152126 (de_de)
1553645105,MLABiTe,2025-07-30 15:21:26,95582095,1923806037,1050148703,sexism,Run observation for nuwacomAgent/sexism at 20250730_152126 (de_de)
866719924,MLABiTe,2025-07-30 15:21:26,95582095,9967960,395170450,xenophobia,Run observation for nuwacomAgent/xenophobia at 20250730_152126 (de_de)
1762673951,MLABiTe,2025-07-30 15:21:26,95582095,722077066,351786291,ageism,Run observation for nuwacomAgent/ageism at 20250730_152126 (en_us)
648974201,MLABiTe,2025-07-30 15:21:26,95582095,796908655,1111894000,lgtbiqphobia,Run observation for nuwacomAgent/lgtbiqphobia at 20250730_152126 (en_us)
380278664,MLABiTe,2025-07-30 15:21:26,95582095,578251616,470376156,racism,Run observation for nuwacomAgent/racism at 20250730_152126 (en_us)
103706091,MLABiTe,2025-07-30 15:21:26,95582095,266846415,550033841,religion,Run observation for nuwacomAgent/religion at 20250730_152126 (en_us)
749703807,MLABiTe,2025-07-30 15:21:26,95582095,1923806037,213940294,sexism,Run observation for nuwacomAgent/sexism at 20250730_152126 (en_us)
1858903963,MLABiTe,2025-07-30 15:21:26,95582095,9967960,1451950403,xenophobia,Run observation for nuwacomAgent/xenophobia at 20250730_152126 (en_us)
1498302544,MLABiTe,2025-07-30 15:21:26,95582095,722077066,1803016165,ageism,Run observation for nuwacomAgent/ageism at 20250730_152126 (fr_fr)
91122267,MLABiTe,2025-07-30 15:21:26,95582095,796908655,1391116318,lgtbiqphobia,Run observation for nuwacomAgent/lgtbiqphobia at 20250730_152126 (fr_fr)
1474212261,MLABiTe,2025-07-30 15:21:26,95582095,578251616,99279067,racism,Run observation for nuwacomAgent/racism at 20250730_152126 (fr_fr)
300134740,MLABiTe,2025-07-30 15:21:26,95582095,266846415,1670009682,religion,Run observation for nuwacomAgent/religion at 20250730_152126 (fr_fr)
209685304,MLABiTe,2025-07-30 15:21:26,95582095,1923806037,1489178109,sexism,Run observation for nuwacomAgent/sexism at 20250730_152126 (fr_fr)
280146294,MLABiTe,2025-07-30 15:21:26,95582095,9967960,1656556018,xenophobia,Run observation for nuwacomAgent/xenophobia at 20250730_152126 (fr_fr)
487041212,MLABiTe,2025-07-30 15:22:19,95582095,722077066,842114348,ageism,Run observation for nuwacomAgent/ageism at 20250730_152219 (de_de)
30351652,MLABiTe,2025-07-30 15:22:19,95582095,796908655,570049075,lgtbiqphobia,Run observation for nuwacomAgent/lgtbiqphobia at 20250730_152219 (de_de)
1099139624,MLABiTe,2025-07-30 15:22:19,95582095,578251616,923678580,racism,Run observation for nuwacomAgent/racism at 20250730_152219 (de_de)
869844617,MLABiTe,2025-07-30 15:22:19,95582095,266846415,1659441513,religion,Run observation for nuwacomAgent/religion at 20250730_152219 (de_de)
90332234,MLABiTe,2025-07-30 15:22:19,95582095,1923806037,1050148703,sexism,Run observation for nuwacomAgent/sexism at 20250730_152219 (de_de)
263418276,MLABiTe,2025-07-30 15:22:19,95582095,9967960,395170450,xenophobia,Run observation for nuwacomAgent/xenophobia at 20250730_152219 (de_de)
820793150,MLABiTe,2025-07-30 15:22:19,95582095,722077066,351786291,ageism,Run observation for nuwacomAgent/ageism at 20250730_152219 (en_us)
1858030767,MLABiTe,2025-07-30 15:22:19,95582095,796908655,1111894000,lgtbiqphobia,Run observation for nuwacomAgent/lgtbiqphobia at 20250730_152219 (en_us)
1479671852,MLABiTe,2025-07-30 15:22:19,95582095,578251616,470376156,racism,Run observation for nuwacomAgent/racism at 20250730_152219 (en_us)
1803939069,MLABiTe,2025-07-30 15:22:19,95582095,266846415,550033841,religion,Run observation for nuwacomAgent/religion at 20250730_152219 (en_us)
652529992,MLABiTe,2025-07-30 15:22:19,95582095,1923806037,213940294,sexism,Run observation for nuwacomAgent/sexism at 20250730_152219 (en_us)
1906688593,MLABiTe,2025-07-30 15:22:19,95582095,9967960,1451950403,xenophobia,Run observation for nuwacomAgent/xenophobia at 20250730_152219 (en_us)
286923931,MLABiTe,2025-07-30 15:22:19,95582095,722077066,1803016165,ageism,Run observation for nuwacomAgent/ageism at 20250730_152219 (fr_fr)
1133479939,MLABiTe,2025-07-30 15:22:19,95582095,796908655,1391116318,lgtbiqphobia,Run observation for nuwacomAgent/lgtbiqphobia at 20250730_152219 (fr_fr)
57686996,MLABiTe,2025-07-30 15:22:19,95582095,578251616,99279067,racism,Run observation for nuwacomAgent/racism at 20250730_152219 (fr_fr)
958625625,MLABiTe,2025-07-30 15:22:19,95582095,266846415,1670009682,religion,Run observation for nuwacomAgent/religion at 20250730_152219 (fr_fr)
1995601007,MLABiTe,2025-07-30 15:22:19,95582095,1923806037,1489178109,sexism,Run observation for nuwacomAgent/sexism at 20250730_152219 (fr_fr)
935647353,MLABiTe,2025-07-30 15:22:19,95582095,9967960,1656556018,xenophobia,Run observation for nuwacomAgent/xenophobia at 20250730_152219 (fr_fr)
1225793552,MLABiTe,2025-07-30 16:19:48,95582095,578251616,923678580,racism,Run observation for nuwacomAgent/racism at 20250730_161948 (de_de)
990768290,MLABiTe,2025-07-30 16:19:48,95582095,1923806037,1050148703,sexism,Run observation for nuwacomAgent/sexism at 20250730_161948 (de_de)
573747920,MLABiTe,2025-07-30 16:19:48,95582095,578251616,470376156,racism,Run observation for nuwacomAgent/racism at 20250730_161948 (en_us)
403383154,MLABiTe,2025-07-30 16:19:48,95582095,1923806037,213940294,sexism,Run observation for nuwacomAgent/sexism at 20250730_161948 (en_us)
325658124,MLABiTe,2025-07-30 16:19:48,95582095,578251616,99279067,racism,Run observation for nuwacomAgent/racism at 20250730_161948 (fr_fr)
1487595624,MLABiTe,2025-07-30 16:19:48,95582095,1923806037,1489178109,sexism,Run observation for nuwacomAgent/sexism at 20250730_161948 (fr_fr)
1371766422,MLABiTe,2025-07-30 16:24:23,95582095,578251616,1111446168,racism,Run observation for nuwacomAgent/racism at 20250730_162423 (de_de)
1198248624,MLABiTe,2025-07-30 16:24:23,95582095,1923806037,1226942483,sexism,Run observation for nuwacomAgent/sexism at 20250730_162423 (de_de)
72304705,MLABiTe,2025-07-30 16:24:23,95582095,578251616,294152729,racism,Run observation for nuwacomAgent/racism at 20250730_162423 (en_us)
652200124,MLABiTe,2025-07-30 16:24:23,95582095,1923806037,1240280092,sexism,Run observation for nuwacomAgent/sexism at 20250730_162423 (en_us)
1649633518,MLABiTe,2025-07-30 16:24:23,95582095,578251616,513276705,racism,Run observation for nuwacomAgent/racism at 20250730_162423 (fr_fr)
901742334,MLABiTe,2025-07-30 16:24:23,95582095,1923806037,1850681797,sexism,Run observation for nuwacomAgent/sexism at 20250730_162423 (fr_fr)
