id,name,status
1008218855,test-ageism,Pending
1008218855,test-ageism,Pending
566977160,test-example,Pending
566977160,test-example,Pending
566977160,test-example,Pending
566977160,test-example,Pending
566977160,test-example,Pending
566977160,test-example,Pending
566977160,test-example,Pending
566977160,test-example,Pending
566977160,test-example,Pending
566977160,test-example,Pending
566977160,test-example,Pending
566977160,test-example,Pending
566977160,test-example,Pending
566977160,test-example,Pending
566977160,test-example,Pending
566977160,test-example,Pending
566977160,test-example,Pending
566977160,test-example,Pending
566977160,test-example,Pending
566977160,test-example,Pending
566977160,test-example,Pending
1910764854,test-job_status,Pending
1910764854,test-job_status,Pending
1910764854,test-job_status,Pending
1910764854,test-job_status,Pending
1910764854,test-job_status,Pending
1910764854,test-job_status,Pending
1708777111,test-job_status_small,Pending
1708777111,test-job_status_small,Pending
1708777111,test-job_status_small,Pending
1708777111,test-job_status_small,Pending
1238765295,test-nuwacom,Pending
1238765295,test-nuwacom,Pending
1238765295,test-nuwacom,Pending
1238765295,test-nuwacom,Pending
1238765295,test-nuwacom,Pending
1238765295,test-nuwacom,Pending
1238765295,test-nuwacom,Pending
1238765295,test-nuwacom,Pending
1238765295,test-nuwacom,Pending
1238765295,test-nuwacom,Pending
1238765295,test-nuwacom,Pending
1238765295,test-nuwacom,Pending
1238765295,test-nuwacom,Pending
1238765295,test-nuwacom,Pending
1238765295,test-nuwacom,Pending
1238765295,test-nuwacom,Pending
1238765295,test-nuwacom,Pending
1238765295,test-nuwacom,Pending
1238765295,test-nuwacom,Pending
1238765295,test-nuwacom,Pending
1238765295,test-nuwacom,Pending
1238765295,test-nuwacom,Pending
1238765295,test-nuwacom,Pending
1238765295,test-nuwacom,Pending
1238765295,test-nuwacom,Pending
1238765295,test-nuwacom,Pending
1238765295,test-nuwacom,Pending
1238765295,test-nuwacom,Pending
1238765295,test-nuwacom,Pending
1238765295,test-nuwacom,Pending
1238765295,test-nuwacom,Pending
1238765295,test-nuwacom,Pending
1238765295,test-nuwacom,Pending
1238765295,test-nuwacom,Pending
1238765295,test-nuwacom,Pending
1238765295,test-nuwacom,Pending
1238765295,test-nuwacom,Pending
1238765295,test-nuwacom,Pending
1238765295,test-nuwacom,Pending
1238765295,test-nuwacom,Pending
1238765295,test-nuwacom,Pending
1238765295,test-nuwacom,Pending
1238765295,test-nuwacom,Pending
1238765295,test-nuwacom,Pending
1238765295,test-nuwacom,Pending
1238765295,test-nuwacom,Pending
1238765295,test-nuwacom,Pending
1238765295,test-nuwacom,Pending
1238765295,test-nuwacom,Pending
1238765295,test-nuwacom,Pending
1238765295,test-nuwacom,Pending
1238765295,test-nuwacom,Pending
1238765295,test-nuwacom,Pending
1238765295,test-nuwacom,Pending
1238765295,test-nuwacom,Pending
1238765295,test-nuwacom,Pending
1238765295,test-nuwacom,Pending
1238765295,test-nuwacom,Pending
1238765295,test-nuwacom,Pending
1238765295,test-nuwacom,Pending
1238765295,test-nuwacom,Pending
1238765295,test-nuwacom,Pending
1238765295,test-nuwacom,Pending
1238765295,test-nuwacom,Pending
1238765295,test-nuwacom,Pending
1238765295,test-nuwacom,Pending
1238765295,test-nuwacom,Pending
1238765295,test-nuwacom,Pending
1238765295,test-nuwacom,Pending
1238765295,test-nuwacom,Pending
1238765295,test-nuwacom,Pending
1238765295,test-nuwacom,Pending
1238765295,test-nuwacom,Pending
1238765295,test-nuwacom,Pending
1238765295,test-nuwacom,Pending
1238765295,test-nuwacom,Pending
1238765295,test-nuwacom,Pending
435228689,test-xenophobia,Pending
435228689,test-xenophobia,Pending
1008218855,test-ageism,Pending
1008218855,test-ageism,Pending
1008218855,test-ageism,Pending
1008218855,test-ageism,Pending
1008218855,test-ageism,Pending
1008218855,test-ageism,Pending
1008218855,test-ageism,Pending
1008218855,test-ageism,Pending
566977160,test-example,Pending
566977160,test-example,Pending
566977160,test-example,Pending
566977160,test-example,Pending
566977160,test-example,Pending
1910764854,test-job_status,Pending
1910764854,test-job_status,Pending
80513468,test-lgbtq,Pending
80513468,test-lgbtq,Pending
273842439,test-religion,Pending
273842439,test-religion,Pending
1756911040,test-sexism,Pending
1756911040,test-sexism,Pending
1756911040,test-sexism,Pending
1756911040,test-sexism,Pending
1888642495,test-skin-color,Pending
1888642495,test-skin-color,Pending
1142620009,test-skin_color,Pending
1142620009,test-skin_color,Pending
1142620009,test-skin_color,Pending
1142620009,test-skin_color,Pending
435228689,test-xenophobia,Pending
